[
  {
    "baseType": 21,
    "name": "Action",
    "description": "",
    "helpText": "",
    "isSystem": false,
    "values": [
      {
        "value": "Create Statuspage Incident",
        "isDefault": true,
        "isVisible": true
      },
      {
        "value": "Update Statuspage Incident",
        "isDefault": false,
        "isVisible": true
      },
      {
        "value": "Resolve Statuspage Incident",
        "isDefault": false,
        "isVisible": true
      },
      {
        "value": "Delete Statuspage Incident",
        "isDefault": false,
        "isVisible": true
      },
      {
        "value": "Get Statuspage Incident from Keywords",
        "isDefault": false,
        "isVisible": true
      },
      {
        "value": "Get Statuspage Incident from Id",
        "isDefault": false,
        "isVisible": true
      },
      {
        "value": "Get Statuspage Incident List",
        "isDefault": false,
        "isVisible": true
      }
    ],
    "uuid": "6b7861a9-7b4f-4c20-b883-cd604b00488b"
  },
  {
    "baseType": 3,
    "name": "Body",
    "defaultValue": "",
    "description": "",
    "helpText": "Incident details, also used for updates.",
    "isSystem": false,
    "minLength": 0,
    "maxLength": 1000,
    "validationRegex": "",
    "isValidate": false,
    "uuid": "a5e002b4-5e55-4a1b-94f5-33e1523de5cd"
  },
  {
    "baseType": 22,
    "name": "Component Groups",
    "description": "",
    "helpText": "Component-Groups are a shorthand way of impacting multiple components. Each component in the group is affected. Our demo Component Groups are from the TV show Doctor Who. Why not update this list property to match your real-life component-groups?",
    "isSystem": false,
    "values": [
      {
        "value": "Companions",
        "isDefault": false,
        "isVisible": true
      },
      {
        "value": "Baddies",
        "isDefault": false,
        "isVisible": true
      },
      {
        "value": "Timelords",
        "isDefault": false,
        "isVisible": true
      }
    ],
    "uuid": "408fefbe-55a4-48e9-8097-1ca81511b666"
  },
  {
    "baseType": 22,
    "name": "Components",
    "description": "",
    "helpText": "The demo Components you see here are from the TV series Doctor Who.  If you select any components not on your page, they are ignored without error. Why not update this xMatters List Property to include actual components registered on your Statuspage? ",
    "isSystem": false,
    "values": [
      {
        "value": "The Doctor",
        "isDefault": false,
        "isVisible": true
      },
      {
        "value": "Gallifrey",
        "isDefault": false,
        "isVisible": true
      },
      {
        "value": "Cybermen",
        "isDefault": false,
        "isVisible": true
      },
      {
        "value": "Daleks",
        "isDefault": false,
        "isVisible": true
      },
      {
        "value": "Ood",
        "isDefault": false,
        "isVisible": true
      },
      {
        "value": "River Song",
        "isDefault": false,
        "isVisible": true
      },
      {
        "value": "Adric",
        "isDefault": false,
        "isVisible": true
      },
      {
        "value": "K-9",
        "isDefault": false,
        "isVisible": true
      }
    ],
    "uuid": "794384d9-b081-41e9-b46c-bd1e7f4b1732"
  },
  {
    "baseType": 21,
    "name": "Component Status",
    "description": "",
    "helpText": "Applies for Create/Update Incident steps only. Component status is automatically set to operational when using the Resolve step",
    "isSystem": false,
    "values": [
      {
        "value": "operational",
        "isDefault": false,
        "isVisible": true
      },
      {
        "value": "under_maintenance",
        "isDefault": false,
        "isVisible": true
      },
      {
        "value": "degraded_performance",
        "isDefault": false,
        "isVisible": true
      },
      {
        "value": "partial_outage",
        "isDefault": false,
        "isVisible": true
      },
      {
        "value": "major_outage",
        "isDefault": false,
        "isVisible": true
      }
    ],
    "uuid": "268f0957-ddcb-4ed8-925b-fe0316e7304f"
  },
  {
    "baseType": 3,
    "name": "count",
    "defaultValue": "",
    "description": "",
    "helpText": "",
    "isSystem": false,
    "minLength": 0,
    "maxLength": 30,
    "validationRegex": "",
    "isValidate": false,
    "uuid": "bed747b2-665a-4e8c-b160-ed63d1a9f6e6"
  },
  {
    "baseType": 3,
    "name": "error",
    "defaultValue": "",
    "description": "",
    "helpText": "",
    "isSystem": false,
    "minLength": 0,
    "maxLength": 30,
    "validationRegex": "",
    "isValidate": false,
    "uuid": "061c41ea-8401-4eee-bcb2-76275a0dcd18"
  },
  {
    "baseType": 3,
    "name": "errorMsg",
    "defaultValue": "",
    "description": "",
    "helpText": "",
    "isSystem": false,
    "minLength": 0,
    "maxLength": 200,
    "validationRegex": "",
    "isValidate": false,
    "uuid": "cb04e71b-9880-4dac-827a-58f879aa746c"
  },
  {
    "baseType": 21,
    "name": "Get List Options",
    "description": "",
    "helpText": "Used only with the Statuspage Get Incident List step. Applied BEFORE the API call, so works across ALL Incidents per page.",
    "isSystem": false,
    "values": [
      {
        "value": "unresolved",
        "isDefault": false,
        "isVisible": true
      },
      {
        "value": "scheduled",
        "isDefault": false,
        "isVisible": true
      },
      {
        "value": "upcoming",
        "isDefault": false,
        "isVisible": true
      },
      {
        "value": "active_maintenance",
        "isDefault": false,
        "isVisible": true
      },
      {
        "value": "all",
        "isDefault": false,
        "isVisible": true
      }
    ],
    "uuid": "8e60e40e-33d1-44bf-82e6-bad1819961ad"
  },
  {
    "baseType": 21,
    "name": "Impact Override",
    "description": "",
    "helpText": "Use this field to override the impact value calculated by Statuspage. Defaults to \"none\" if left blank.",
    "isSystem": false,
    "values": [
      {
        "value": "none",
        "isDefault": false,
        "isVisible": true
      },
      {
        "value": "minor",
        "isDefault": false,
        "isVisible": true
      },
      {
        "value": "major",
        "isDefault": false,
        "isVisible": true
      },
      {
        "value": "critical",
        "isDefault": false,
        "isVisible": true
      }
    ],
    "uuid": "235bb2d4-09a5-4aeb-be0d-dfd38eacb4bb"
  },
  {
    "baseType": 3,
    "name": "Incident Name",
    "defaultValue": "",
    "description": "",
    "helpText": "Max 255 characters. Incident Name required for Create step. Can be changed in Update/Resolved steps.",
    "isSystem": false,
    "minLength": 0,
    "maxLength": 255,
    "validationRegex": "",
    "isValidate": false,
    "uuid": "15d6cd91-901c-490b-b198-20b56e473491"
  },
  {
    "baseType": 3,
    "name": "Keywords",
    "defaultValue": "",
    "description": "",
    "helpText": "Used only with the Statuspage Get Incident From Keywords step. Words are or'd together.",
    "isSystem": false,
    "minLength": 0,
    "maxLength": 255,
    "validationRegex": "",
    "isValidate": false,
    "uuid": "7cb1835e-ebfd-4302-ac32-657875589951"
  },
  {
    "baseType": 3,
    "name": "Metadata",
    "defaultValue": "",
    "description": "",
    "helpText": "Internal metadata to attach to the incident, sent as a parsable JSON string where the top level values represent objects.",
    "isSystem": false,
    "minLength": 0,
    "maxLength": 1000,
    "validationRegex": "",
    "isValidate": false,
    "uuid": "ba015643-ce85-4cb2-bd4d-99c544df21e6"
  },
  {
    "baseType": 1,
    "name": "Page Offset",
    "description": "",
    "helpText": "Used only with the Statuspage Get Incident List step. Default is 0.",
    "isSystem": false,
    "minValue": "",
    "maxValue": "",
    "units": "",
    "uuid": "e82ab7a9-0a02-4fe8-8f11-28d3c5426a01"
  },
  {
    "baseType": 1,
    "name": "Per Page",
    "description": "",
    "helpText": "Used only with the Statuspage Get Incident List step. N.B. Default and maximum is 100 results in a single API call. ",
    "isSystem": false,
    "minValue": "",
    "maxValue": "",
    "units": "",
    "uuid": "520a2e67-ae98-4bbe-bc56-5ed2e2e70b80"
  },
  {
    "baseType": 3,
    "name": "Short Action",
    "defaultValue": "",
    "description": "",
    "helpText": "Used in message template",
    "isSystem": false,
    "minLength": 0,
    "maxLength": 30,
    "validationRegex": "",
    "isValidate": false,
    "uuid": "93fe7ff2-821a-4248-bdb9-0407b0f5038c"
  },
  {
    "baseType": 21,
    "name": "Sort By",
    "description": "",
    "helpText": "Used only with the Statuspage Get Incident List step. N.B. Sorting is applied AFTER the API returns results, i.e. it sorts the returned subset of Incidents, not all Incidents per page for all time. If you don't specify an order, it comes in the order returned by the API.",
    "isSystem": false,
    "values": [
      {
        "value": "created_at",
        "isDefault": false,
        "isVisible": true
      },
      {
        "value": "updated_at",
        "isDefault": false,
        "isVisible": true
      },
      {
        "value": "resolved_at",
        "isDefault": false,
        "isVisible": true
      },
      {
        "value": "name",
        "isDefault": false,
        "isVisible": true
      }
    ],
    "uuid": "54312427-4451-4197-9b91-e26d2b9af049"
  },
  {
    "baseType": 21,
    "name": "Sort Order",
    "description": "",
    "helpText": "Used only with the Statuspage Get Incident List step. N.B. Sorting is applied after API returns results.",
    "isSystem": false,
    "values": [
      {
        "value": "asc",
        "isDefault": false,
        "isVisible": true
      },
      {
        "value": "desc",
        "isDefault": false,
        "isVisible": true
      }
    ],
    "uuid": "3c966cbf-3a39-4e06-afc6-1e09aa2002f6"
  },
  {
    "baseType": 3,
    "name": "Statuspage API StatusCode",
    "defaultValue": "",
    "description": "",
    "helpText": "",
    "isSystem": false,
    "minLength": 0,
    "maxLength": 30,
    "validationRegex": "",
    "isValidate": false,
    "uuid": "d3ceceb9-1799-418c-9781-9690863fcdb8"
  },
  {
    "baseType": 3,
    "name": "Statuspage Component Ids",
    "defaultValue": "",
    "description": "",
    "helpText": "",
    "isSystem": false,
    "minLength": 0,
    "maxLength": 500,
    "validationRegex": "",
    "isValidate": false,
    "uuid": "4e58095f-d2ff-4502-a4dd-5742596d128a"
  },
  {
    "baseType": 3,
    "name": "Statuspage Components Names",
    "defaultValue": "",
    "description": "",
    "helpText": "",
    "isSystem": false,
    "minLength": 0,
    "maxLength": 500,
    "validationRegex": "",
    "isValidate": false,
    "uuid": "49f0a2da-6e89-4c74-86b4-3eac247b9a9b"
  },
  {
    "baseType": 3,
    "name": "Statuspage Created",
    "defaultValue": "",
    "description": "",
    "helpText": "",
    "isSystem": false,
    "minLength": 0,
    "maxLength": 30,
    "validationRegex": "",
    "isValidate": false,
    "uuid": "2e5a87d6-747c-4498-b68c-dfaf3a79be12"
  },
  {
    "baseType": 3,
    "name": "Statuspage IDs",
    "defaultValue": "",
    "description": "",
    "helpText": "",
    "isSystem": false,
    "minLength": 0,
    "maxLength": 5000,
    "validationRegex": "",
    "isValidate": false,
    "uuid": "0f11bd79-03d1-4880-ba1d-409a5d8c3c93"
  },
  {
    "baseType": 3,
    "name": "Statuspage Impact",
    "defaultValue": "",
    "description": "",
    "helpText": "",
    "isSystem": false,
    "minLength": 0,
    "maxLength": 30,
    "validationRegex": "",
    "isValidate": false,
    "uuid": "9d8fcc0b-d382-4e7d-bafa-3a0f85419bf2"
  },
  {
    "baseType": 3,
    "name": "Statuspage Incident Name",
    "defaultValue": "",
    "description": "",
    "helpText": "As returned by the API call",
    "isSystem": false,
    "minLength": 0,
    "maxLength": 300,
    "validationRegex": "",
    "isValidate": false,
    "uuid": "542d600b-516c-4c73-84ba-1a4c59871a7f"
  },
  {
    "baseType": 3,
    "name": "Statuspage Incident Objects",
    "defaultValue": "",
    "description": "",
    "helpText": "",
    "isSystem": false,
    "minLength": 0,
    "maxLength": 20000,
    "validationRegex": "",
    "isValidate": false,
    "uuid": "7e2a6579-395a-449e-9b44-43d9610c8942"
  },
  {
    "baseType": 3,
    "name": "Statuspage Resolved",
    "defaultValue": "",
    "description": "",
    "helpText": "",
    "isSystem": false,
    "minLength": 0,
    "maxLength": 30,
    "validationRegex": "",
    "isValidate": false,
    "uuid": "939ecfaf-0d20-4e79-8e0a-782a653a8a3a"
  },
  {
    "baseType": 3,
    "name": "Statuspage Shortlink",
    "defaultValue": "",
    "description": "",
    "helpText": "",
    "isSystem": false,
    "minLength": 0,
    "maxLength": 100,
    "validationRegex": "",
    "isValidate": false,
    "uuid": "f8545dc0-3ca7-42a6-83cf-e94fa790fa07"
  },
  {
    "baseType": 21,
    "name": "Statuspage Status",
    "description": "",
    "helpText": "Defaults to \"investigating\" if left blank.",
    "isSystem": false,
    "values": [
      {
        "value": "investigating",
        "isDefault": false,
        "isVisible": true
      },
      {
        "value": "identified",
        "isDefault": false,
        "isVisible": true
      },
      {
        "value": "monitoring",
        "isDefault": false,
        "isVisible": true
      },
      {
        "value": "resolved",
        "isDefault": false,
        "isVisible": true
      }
    ],
    "uuid": "fca6b607-2717-4374-b751-025d049ab005"
  },
  {
    "baseType": 3,
    "name": "Statuspage Status string",
    "defaultValue": "",
    "description": "",
    "helpText": "",
    "isSystem": false,
    "minLength": 0,
    "maxLength": 30,
    "validationRegex": "",
    "isValidate": false,
    "uuid": "cd1fdf60-5243-4309-98d1-edd2959a1264"
  },
  {
    "baseType": 3,
    "name": "Statuspage Unique ID",
    "defaultValue": "",
    "description": "",
    "helpText": "Incident ID assigned by Statuspage on creation. Field required for Update/Resolve/Delete Incident steps. Leave blank for Create step.",
    "isSystem": false,
    "minLength": 0,
    "maxLength": 30,
    "validationRegex": "",
    "isValidate": false,
    "uuid": "a1a69393-e0c9-4df7-8633-bbaed471b890"
  },
  {
    "baseType": 3,
    "name": "Statuspage Unique ID for Get",
    "defaultValue": "",
    "description": "",
    "helpText": "Used only with the Get Incident From Id step.",
    "isSystem": false,
    "minLength": 0,
    "maxLength": 30,
    "validationRegex": "",
    "isValidate": false,
    "uuid": "4bd87190-c539-4e9b-a1e5-8a58713c610a"
  },
  {
    "baseType": 3,
    "name": "Statuspage Updated",
    "defaultValue": "",
    "description": "",
    "helpText": "",
    "isSystem": false,
    "minLength": 0,
    "maxLength": 30,
    "validationRegex": "",
    "isValidate": false,
    "uuid": "2a5ba953-dda5-448f-9692-77ffc5e52f88"
  },
  {
    "baseType": 3,
    "name": "Step Name",
    "defaultValue": "",
    "description": "",
    "helpText": "",
    "isSystem": false,
    "minLength": 0,
    "maxLength": 200,
    "validationRegex": "",
    "isValidate": false,
    "uuid": "9a6e1f94-2509-45c0-9976-0989307b2561"
  }
]