{
  "name": "Statuspage Trigger Form",
  "form": "af9f27f1-5e63-4679-a3e8-ad29b39a5643",
  "blocks": [
    {
      "id": "28f84312-657c-44c0-b59c-1b8e5b776f66",
      "endpoint": "Statuspage",
      "label": "Create Incident with Components",
      "environment": "HOSTED",
      "presentation": "{\"w\":100,\"x\":546,\"h\":50,\"y\":-191}",
      "step": "69b24bf4-9e5f-4636-872f-7ce009be1176",
      "stepType": "SCRIPT_STEP",
      "inputMappings": [
        {
          "inputPort": "input",
          "mapping": "${constants.API Key}",
          "stepInput": "23a33326-91ca-4c7d-ae96-f25740bc9b7e"
        },
        {
          "inputPort": "input",
          "mapping": "${constants.Page ID}",
          "stepInput": "a4b9d0eb-6ab2-4986-872c-20926919fd68"
        },
        {
          "inputPort": "input",
          "mapping": "${af9f27f1-5e63-4679-a3e8-ad29b39a5643.event.properties.Incident Name}",
          "stepInput": "cf511832-ae4f-4db3-8218-62f3b60e3040"
        },
        {
          "inputPort": "input",
          "mapping": "${af9f27f1-5e63-4679-a3e8-ad29b39a5643.event.properties.Statuspage Status}",
          "stepInput": "97fbc4b6-88d5-4cf9-8d29-782f009d4307"
        },
        {
          "inputPort": "input",
          "mapping": "${af9f27f1-5e63-4679-a3e8-ad29b39a5643.event.properties.Body}",
          "stepInput": "f2b156b7-a99e-4b98-8a09-d761844e7a05"
        },
        {
          "inputPort": "input",
          "mapping": "${af9f27f1-5e63-4679-a3e8-ad29b39a5643.event.properties.Impact Override}",
          "stepInput": "e6b1453c-42e0-45a1-a544-a710bde251e6"
        },
        {
          "inputPort": "input",
          "mapping": "${af9f27f1-5e63-4679-a3e8-ad29b39a5643.event.properties.Components}",
          "stepInput": "a46ad693-cbde-4389-9ad8-0297fe1a5e1a"
        },
        {
          "inputPort": "input",
          "mapping": "${af9f27f1-5e63-4679-a3e8-ad29b39a5643.event.properties.Component Groups}",
          "stepInput": "2ce8e267-13f9-4cf6-8d7e-0ab522796184"
        },
        {
          "inputPort": "input",
          "mapping": "${af9f27f1-5e63-4679-a3e8-ad29b39a5643.event.properties.Component Status}",
          "stepInput": "c9754c94-911d-4081-9c0f-692215c1d7ee"
        },
        {
          "inputPort": "input",
          "mapping": "${af9f27f1-5e63-4679-a3e8-ad29b39a5643.event.properties.Metadata}",
          "stepInput": "3a335595-f968-4318-9338-df4cec71913e"
        }
      ]
    },
    {
      "id": "a0462482-a4c9-4167-b78d-770feaafa63e",
      "endpoint": "Statuspage",
      "label": "Delete Incident",
      "environment": "HOSTED",
      "presentation": "{\"w\":100,\"x\":980,\"h\":50,\"y\":262}",
      "step": "c9a86889-65ba-40f9-b351-bef021839d4b",
      "stepType": "SCRIPT_STEP",
      "inputMappings": [
        {
          "inputPort": "input",
          "mapping": "${constants.API Key}",
          "stepInput": "83fccb85-c966-41b3-8637-361d987c9d2a"
        },
        {
          "inputPort": "input",
          "mapping": "${constants.Page ID}",
          "stepInput": "342f3245-da7f-476a-ba6a-73c61d9fda96"
        },
        {
          "inputPort": "input",
          "mapping": "${af9f27f1-5e63-4679-a3e8-ad29b39a5643.event.properties.Statuspage Unique ID}",
          "stepInput": "e37bc761-9fc7-485c-96ba-6ba4b54b4ca5"
        }
      ]
    },
    {
      "id": "a813d595-c7f6-4584-85a7-0ddce8bbf7ba",
      "endpoint": "Statuspage",
      "label": "Get Incident From Id",
      "environment": "HOSTED",
      "presentation": "{\"w\":100,\"x\":678,\"h\":50,\"y\":564}",
      "step": "2d0cc888-672b-48d7-a477-c1d0733ec20e",
      "stepType": "SCRIPT_STEP",
      "inputMappings": [
        {
          "inputPort": "input",
          "mapping": "${constants.API Key}",
          "stepInput": "ad857027-9c26-40eb-8b8b-eff2ef8395f7"
        },
        {
          "inputPort": "input",
          "mapping": "${constants.Page ID}",
          "stepInput": "949072fd-c605-4047-8971-e1fe5786bec7"
        },
        {
          "inputPort": "input",
          "mapping": "${af9f27f1-5e63-4679-a3e8-ad29b39a5643.event.properties.Statuspage Unique ID for Get}",
          "stepInput": "1ec0f7e1-e9d5-47b1-87f0-ff73ff24d11f"
        }
      ]
    },
    {
      "id": "120940fe-ad8a-496b-85b4-8f96f3f0d5a0",
      "endpoint": "Statuspage",
      "label": "Get Incident List",
      "environment": "HOSTED",
      "presentation": "{\"w\":100,\"x\":844,\"h\":50,\"y\":715}",
      "step": "688f6353-9477-4c61-91c2-6874b25b76bf",
      "stepType": "SCRIPT_STEP",
      "inputMappings": [
        {
          "inputPort": "input",
          "mapping": "${constants.API Key}",
          "stepInput": "a04808ed-579d-4a60-8c5f-3624c7fc2e71"
        },
        {
          "inputPort": "input",
          "mapping": "${constants.Page ID}",
          "stepInput": "ac8f0701-6666-4ed2-9a87-0bb29c0421c4"
        },
        {
          "inputPort": "input",
          "mapping": "${af9f27f1-5e63-4679-a3e8-ad29b39a5643.event.properties.Get List Options}",
          "stepInput": "e3f57924-b7b4-4e62-a276-d5e970a3223c"
        },
        {
          "inputPort": "input",
          "mapping": "${af9f27f1-5e63-4679-a3e8-ad29b39a5643.event.properties.Per Page}",
          "stepInput": "beefaa9e-480b-4f0a-8f8b-d02f8cbf09b3"
        },
        {
          "inputPort": "input",
          "mapping": "${af9f27f1-5e63-4679-a3e8-ad29b39a5643.event.properties.Page Offset}",
          "stepInput": "7358c7f3-424b-4679-afed-6bcccf48760f"
        },
        {
          "inputPort": "input",
          "mapping": "${af9f27f1-5e63-4679-a3e8-ad29b39a5643.event.properties.Sort By}",
          "stepInput": "9c89b7bd-2f4a-42d2-b570-bcf91a2f2156"
        },
        {
          "inputPort": "input",
          "mapping": "${af9f27f1-5e63-4679-a3e8-ad29b39a5643.event.properties.Sort Order}",
          "stepInput": "b8333d24-a154-4c07-9353-23c59ceea8aa"
        }
      ]
    },
    {
      "id": "5d31b787-5f83-47bb-839b-9d789d66deeb",
      "endpoint": "Statuspage",
      "label": "Get Incident from Keywords",
      "environment": "HOSTED",
      "presentation": "{\"w\":100,\"x\":552,\"h\":50,\"y\":413}",
      "step": "86e4c64d-4149-4b5c-89a3-832f6c687210",
      "stepType": "SCRIPT_STEP",
      "inputMappings": [
        {
          "inputPort": "input",
          "mapping": "${constants.API Key}",
          "stepInput": "5d3c560c-e1ef-49a1-9206-fe55fff571e6"
        },
        {
          "inputPort": "input",
          "mapping": "${constants.Page ID}",
          "stepInput": "75684ce0-3218-4636-b25c-b2427edb35d0"
        },
        {
          "inputPort": "input",
          "mapping": "${af9f27f1-5e63-4679-a3e8-ad29b39a5643.event.properties.Keywords}",
          "stepInput": "d4fd92e3-30aa-409d-85fa-5f3e16347f2e"
        }
      ]
    },
    {
      "id": "94d4c991-9e9a-4f27-910d-6df977a73ef5",
      "endpoint": "Statuspage",
      "label": "Resolve Incident with Components",
      "environment": "HOSTED",
      "presentation": "{\"w\":100,\"x\":844,\"h\":50,\"y\":111}",
      "step": "bfffd29b-48ad-4897-8184-ea9c3cdb212b",
      "stepType": "SCRIPT_STEP",
      "inputMappings": [
        {
          "inputPort": "input",
          "mapping": "${constants.API Key}",
          "stepInput": "586d90aa-7b79-4842-8d61-c5776dc59814"
        },
        {
          "inputPort": "input",
          "mapping": "${constants.Page ID}",
          "stepInput": "dbf580bb-2ec8-4db2-9bc2-54739e026993"
        },
        {
          "inputPort": "input",
          "mapping": "${af9f27f1-5e63-4679-a3e8-ad29b39a5643.event.properties.Statuspage Unique ID}",
          "stepInput": "9ffb3e16-d44a-43c8-9bc4-0a3088d63ffc"
        },
        {
          "inputPort": "input",
          "mapping": "${af9f27f1-5e63-4679-a3e8-ad29b39a5643.event.properties.Component Status}",
          "stepInput": "fdfec846-bddc-4c5c-8fe1-e82d51f3af9f"
        },
        {
          "inputPort": "input",
          "mapping": "${af9f27f1-5e63-4679-a3e8-ad29b39a5643.event.properties.Incident Name}",
          "stepInput": "6f8f2349-18a4-4016-bdfa-aa039c558edb"
        },
        {
          "inputPort": "input",
          "mapping": "${af9f27f1-5e63-4679-a3e8-ad29b39a5643.event.properties.Body}",
          "stepInput": "85ac0cfe-5346-43d3-bb8e-7f1f18bbf896"
        },
        {
          "inputPort": "input",
          "mapping": "${af9f27f1-5e63-4679-a3e8-ad29b39a5643.event.properties.Impact Override}",
          "stepInput": "03a38923-e8e0-473b-a5d9-32a0b04af4cc"
        },
        {
          "inputPort": "input",
          "mapping": "${af9f27f1-5e63-4679-a3e8-ad29b39a5643.event.properties.Metadata}",
          "stepInput": "497ffef8-09d6-4cde-9004-9efd0586295c"
        }
      ]
    },
    {
      "id": "1dc568db-8af5-4346-a8e4-6d6baaa33660",
      "label": "Status?",
      "environment": "HOSTED",
      "presentation": "{\"w\":100,\"x\":-134,\"h\":50,\"y\":24}",
      "stepType": "SWITCH",
      "inputMappings": [
        {
          "inputPort": "input",
          "mapping": "${af9f27f1-5e63-4679-a3e8-ad29b39a5643.event.status}"
        }
      ],
      "switchCases": [
        {
          "caseId": "07cf50f9-48fe-41d2-804a-a930faf7a742",
          "caseValue": "ACTIVE"
        }
      ]
    },
    {
      "id": "8fd0fced-4e48-4a78-93db-a8f87142a5fc",
      "label": "Statuspage API Response",
      "environment": "HOSTED",
      "presentation": "{\"w\":100,\"x\":788,\"h\":50,\"y\":-191}",
      "step": "912a17f5-cd6c-47c0-9ef4-4e778f9f2752",
      "stepType": "SCRIPT_STEP",
      "inputMappings": [
        {
          "inputPort": "input",
          "mapping": "${af432218-ac12-44fe-a978-0e67ccfd2d07.short action}",
          "stepInput": "c2a15b5b-5cdb-40be-a123-61766e2ca367"
        },
        {
          "inputPort": "input",
          "mapping": "${28f84312-657c-44c0-b59c-1b8e5b776f66.Incident ID}",
          "stepInput": "eb679a25-17e6-4896-bf37-1941a0344978"
        },
        {
          "inputPort": "input",
          "mapping": "${28f84312-657c-44c0-b59c-1b8e5b776f66.Name}",
          "stepInput": "b6028a5c-e133-40cc-b9b8-5826771a814d"
        },
        {
          "inputPort": "input",
          "mapping": "${28f84312-657c-44c0-b59c-1b8e5b776f66.Created}",
          "stepInput": "8a1386b4-4c47-4d30-a48c-17bcced743ca"
        },
        {
          "inputPort": "input",
          "mapping": "${28f84312-657c-44c0-b59c-1b8e5b776f66.Updated}",
          "stepInput": "476d8b54-9af2-4381-be73-7b474c8c58c6"
        },
        {
          "inputPort": "input",
          "mapping": "${28f84312-657c-44c0-b59c-1b8e5b776f66.Shortlink}",
          "stepInput": "cd083d58-2f1d-45c8-b8f1-fe6c1a194b2c"
        },
        {
          "inputPort": "input",
          "mapping": "${28f84312-657c-44c0-b59c-1b8e5b776f66.Status}",
          "stepInput": "2c2e9dd3-fb50-4f5f-8750-42f9d42e2ed2"
        },
        {
          "inputPort": "input",
          "mapping": "${28f84312-657c-44c0-b59c-1b8e5b776f66.Impact}",
          "stepInput": "8d2a96e2-0a23-4854-9577-d92e7168a26a"
        },
        {
          "inputPort": "input",
          "mapping": "${28f84312-657c-44c0-b59c-1b8e5b776f66.Component Names}",
          "stepInput": "657d5e98-f5c3-491a-a72b-738f4db51d97"
        },
        {
          "inputPort": "input",
          "mapping": "${28f84312-657c-44c0-b59c-1b8e5b776f66.Component Ids}",
          "stepInput": "cb7610a4-a4bf-419c-8ad7-0fb97223c19f"
        },
        {
          "inputPort": "input",
          "mapping": "${28f84312-657c-44c0-b59c-1b8e5b776f66.created_boolean}",
          "stepInput": "24b9e0e6-1052-46dd-aebd-539dc733fccd"
        },
        {
          "inputPort": "input",
          "mapping": "${28f84312-657c-44c0-b59c-1b8e5b776f66.error}",
          "stepInput": "3e957770-6656-48d4-8f74-990bc99fed26"
        },
        {
          "inputPort": "input",
          "mapping": "${28f84312-657c-44c0-b59c-1b8e5b776f66.errMsg}",
          "stepInput": "5be916cd-75ce-41fc-9394-44b036fe9fc0"
        },
        {
          "inputPort": "input",
          "mapping": "${28f84312-657c-44c0-b59c-1b8e5b776f66.statusCode}",
          "stepInput": "f197e4dc-9743-4741-934d-a71bd4bcb084"
        },
        {
          "inputPort": "input",
          "mapping": "${af9f27f1-5e63-4679-a3e8-ad29b39a5643.event.properties.Action}",
          "stepInput": "4bf2e626-56d4-4050-bd5c-d7079edb763b"
        },
        {
          "inputPort": "input",
          "mapping": "${af9f27f1-5e63-4679-a3e8-ad29b39a5643.event.targetedRecipients}",
          "stepInput": "e5272b43-c531-4a60-a73c-00c3abebfa58"
        }
      ]
    },
    {
      "id": "bda160ad-7264-4f01-bc91-18b1c90477e3",
      "label": "Statuspage API Response",
      "environment": "HOSTED",
      "presentation": "{\"w\":100,\"x\":1138,\"h\":50,\"y\":715}",
      "step": "912a17f5-cd6c-47c0-9ef4-4e778f9f2752",
      "stepType": "SCRIPT_STEP",
      "inputMappings": [
        {
          "inputPort": "input",
          "mapping": "${af432218-ac12-44fe-a978-0e67ccfd2d07.short action}",
          "stepInput": "c2a15b5b-5cdb-40be-a123-61766e2ca367"
        },
        {
          "inputPort": "input",
          "mapping": "${120940fe-ad8a-496b-85b4-8f96f3f0d5a0.count}",
          "stepInput": "76a060eb-0c8d-46a9-a08c-ec2b3e5907ad"
        },
        {
          "inputPort": "input",
          "mapping": "${120940fe-ad8a-496b-85b4-8f96f3f0d5a0.Incidents}",
          "stepInput": "6b243446-ecbc-4c6a-8f98-165b36805bfe"
        },
        {
          "inputPort": "input",
          "mapping": "${120940fe-ad8a-496b-85b4-8f96f3f0d5a0.Incident Ids}",
          "stepInput": "22492bd0-231f-462c-a74d-33d58d4d3dad"
        },
        {
          "inputPort": "input",
          "mapping": "${120940fe-ad8a-496b-85b4-8f96f3f0d5a0.gotIt}",
          "stepInput": "24b9e0e6-1052-46dd-aebd-539dc733fccd"
        },
        {
          "inputPort": "input",
          "mapping": "${120940fe-ad8a-496b-85b4-8f96f3f0d5a0.error}",
          "stepInput": "3e957770-6656-48d4-8f74-990bc99fed26"
        },
        {
          "inputPort": "input",
          "mapping": "${120940fe-ad8a-496b-85b4-8f96f3f0d5a0.errMsg}",
          "stepInput": "5be916cd-75ce-41fc-9394-44b036fe9fc0"
        },
        {
          "inputPort": "input",
          "mapping": "${120940fe-ad8a-496b-85b4-8f96f3f0d5a0.statusCode}",
          "stepInput": "f197e4dc-9743-4741-934d-a71bd4bcb084"
        },
        {
          "inputPort": "input",
          "mapping": "${af9f27f1-5e63-4679-a3e8-ad29b39a5643.event.properties.Action}",
          "stepInput": "4bf2e626-56d4-4050-bd5c-d7079edb763b"
        },
        {
          "inputPort": "input",
          "mapping": "${af9f27f1-5e63-4679-a3e8-ad29b39a5643.event.targetedRecipients}",
          "stepInput": "e5272b43-c531-4a60-a73c-00c3abebfa58"
        }
      ]
    },
    {
      "id": "dcf103ad-175c-43d2-8fbd-44e36dfb08e5",
      "label": "Statuspage API Response",
      "environment": "HOSTED",
      "presentation": "{\"w\":100,\"x\":943,\"h\":50,\"y\":-40}",
      "step": "912a17f5-cd6c-47c0-9ef4-4e778f9f2752",
      "stepType": "SCRIPT_STEP",
      "inputMappings": [
        {
          "inputPort": "input",
          "mapping": "${af432218-ac12-44fe-a978-0e67ccfd2d07.short action}",
          "stepInput": "c2a15b5b-5cdb-40be-a123-61766e2ca367"
        },
        {
          "inputPort": "input",
          "mapping": "${245b1012-9cfb-46cc-8f5b-1be8909caee8.Incident ID}",
          "stepInput": "eb679a25-17e6-4896-bf37-1941a0344978"
        },
        {
          "inputPort": "input",
          "mapping": "${245b1012-9cfb-46cc-8f5b-1be8909caee8.Name}",
          "stepInput": "b6028a5c-e133-40cc-b9b8-5826771a814d"
        },
        {
          "inputPort": "input",
          "mapping": "${245b1012-9cfb-46cc-8f5b-1be8909caee8.Created}",
          "stepInput": "8a1386b4-4c47-4d30-a48c-17bcced743ca"
        },
        {
          "inputPort": "input",
          "mapping": "${245b1012-9cfb-46cc-8f5b-1be8909caee8.Updated}",
          "stepInput": "476d8b54-9af2-4381-be73-7b474c8c58c6"
        },
        {
          "inputPort": "input",
          "mapping": "${245b1012-9cfb-46cc-8f5b-1be8909caee8.Shortlink}",
          "stepInput": "cd083d58-2f1d-45c8-b8f1-fe6c1a194b2c"
        },
        {
          "inputPort": "input",
          "mapping": "${245b1012-9cfb-46cc-8f5b-1be8909caee8.Status}",
          "stepInput": "2c2e9dd3-fb50-4f5f-8750-42f9d42e2ed2"
        },
        {
          "inputPort": "input",
          "mapping": "${245b1012-9cfb-46cc-8f5b-1be8909caee8.Impact}",
          "stepInput": "8d2a96e2-0a23-4854-9577-d92e7168a26a"
        },
        {
          "inputPort": "input",
          "mapping": "${245b1012-9cfb-46cc-8f5b-1be8909caee8.Component Names}",
          "stepInput": "657d5e98-f5c3-491a-a72b-738f4db51d97"
        },
        {
          "inputPort": "input",
          "mapping": "${245b1012-9cfb-46cc-8f5b-1be8909caee8.Component Ids}",
          "stepInput": "cb7610a4-a4bf-419c-8ad7-0fb97223c19f"
        },
        {
          "inputPort": "input",
          "mapping": "${245b1012-9cfb-46cc-8f5b-1be8909caee8.updated_boolean}",
          "stepInput": "24b9e0e6-1052-46dd-aebd-539dc733fccd"
        },
        {
          "inputPort": "input",
          "mapping": "${245b1012-9cfb-46cc-8f5b-1be8909caee8.error}",
          "stepInput": "3e957770-6656-48d4-8f74-990bc99fed26"
        },
        {
          "inputPort": "input",
          "mapping": "${245b1012-9cfb-46cc-8f5b-1be8909caee8.errMsg}",
          "stepInput": "5be916cd-75ce-41fc-9394-44b036fe9fc0"
        },
        {
          "inputPort": "input",
          "mapping": "${245b1012-9cfb-46cc-8f5b-1be8909caee8.statusCode}",
          "stepInput": "f197e4dc-9743-4741-934d-a71bd4bcb084"
        },
        {
          "inputPort": "input",
          "mapping": "${af9f27f1-5e63-4679-a3e8-ad29b39a5643.event.properties.Action}",
          "stepInput": "4bf2e626-56d4-4050-bd5c-d7079edb763b"
        },
        {
          "inputPort": "input",
          "mapping": "${af9f27f1-5e63-4679-a3e8-ad29b39a5643.event.targetedRecipients}",
          "stepInput": "e5272b43-c531-4a60-a73c-00c3abebfa58"
        }
      ]
    },
    {
      "id": "e23b1e3f-dfa5-43ce-8bc8-29fed43a47b9",
      "label": "Statuspage API Response",
      "environment": "HOSTED",
      "presentation": "{\"w\":100,\"x\":792,\"h\":50,\"y\":413}",
      "step": "912a17f5-cd6c-47c0-9ef4-4e778f9f2752",
      "stepType": "SCRIPT_STEP",
      "inputMappings": [
        {
          "inputPort": "input",
          "mapping": "${af432218-ac12-44fe-a978-0e67ccfd2d07.short action}",
          "stepInput": "c2a15b5b-5cdb-40be-a123-61766e2ca367"
        },
        {
          "inputPort": "input",
          "mapping": "${5d31b787-5f83-47bb-839b-9d789d66deeb.Incident ID}",
          "stepInput": "eb679a25-17e6-4896-bf37-1941a0344978"
        },
        {
          "inputPort": "input",
          "mapping": "${5d31b787-5f83-47bb-839b-9d789d66deeb.Name}",
          "stepInput": "b6028a5c-e133-40cc-b9b8-5826771a814d"
        },
        {
          "inputPort": "input",
          "mapping": "${5d31b787-5f83-47bb-839b-9d789d66deeb.Created}",
          "stepInput": "8a1386b4-4c47-4d30-a48c-17bcced743ca"
        },
        {
          "inputPort": "input",
          "mapping": "${5d31b787-5f83-47bb-839b-9d789d66deeb.Updated}",
          "stepInput": "476d8b54-9af2-4381-be73-7b474c8c58c6"
        },
        {
          "inputPort": "input",
          "mapping": "${5d31b787-5f83-47bb-839b-9d789d66deeb.Resolved}",
          "stepInput": "9247f0d7-e9a1-4335-949c-d5542eacdedd"
        },
        {
          "inputPort": "input",
          "mapping": "${5d31b787-5f83-47bb-839b-9d789d66deeb.Shortlink}",
          "stepInput": "cd083d58-2f1d-45c8-b8f1-fe6c1a194b2c"
        },
        {
          "inputPort": "input",
          "mapping": "${5d31b787-5f83-47bb-839b-9d789d66deeb.Status}",
          "stepInput": "2c2e9dd3-fb50-4f5f-8750-42f9d42e2ed2"
        },
        {
          "inputPort": "input",
          "mapping": "${5d31b787-5f83-47bb-839b-9d789d66deeb.Impact}",
          "stepInput": "8d2a96e2-0a23-4854-9577-d92e7168a26a"
        },
        {
          "inputPort": "input",
          "mapping": "${5d31b787-5f83-47bb-839b-9d789d66deeb.Component Names}",
          "stepInput": "657d5e98-f5c3-491a-a72b-738f4db51d97"
        },
        {
          "inputPort": "input",
          "mapping": "${5d31b787-5f83-47bb-839b-9d789d66deeb.Component Ids}",
          "stepInput": "cb7610a4-a4bf-419c-8ad7-0fb97223c19f"
        },
        {
          "inputPort": "input",
          "mapping": "${5d31b787-5f83-47bb-839b-9d789d66deeb.count}",
          "stepInput": "76a060eb-0c8d-46a9-a08c-ec2b3e5907ad"
        },
        {
          "inputPort": "input",
          "mapping": "${5d31b787-5f83-47bb-839b-9d789d66deeb.Other Ids}",
          "stepInput": "22492bd0-231f-462c-a74d-33d58d4d3dad"
        },
        {
          "inputPort": "input",
          "mapping": "${5d31b787-5f83-47bb-839b-9d789d66deeb.gotIt}",
          "stepInput": "24b9e0e6-1052-46dd-aebd-539dc733fccd"
        },
        {
          "inputPort": "input",
          "mapping": "${5d31b787-5f83-47bb-839b-9d789d66deeb.error}",
          "stepInput": "3e957770-6656-48d4-8f74-990bc99fed26"
        },
        {
          "inputPort": "input",
          "mapping": "${5d31b787-5f83-47bb-839b-9d789d66deeb.errMsg}",
          "stepInput": "5be916cd-75ce-41fc-9394-44b036fe9fc0"
        },
        {
          "inputPort": "input",
          "mapping": "${5d31b787-5f83-47bb-839b-9d789d66deeb.statusCode}",
          "stepInput": "f197e4dc-9743-4741-934d-a71bd4bcb084"
        },
        {
          "inputPort": "input",
          "mapping": "${af9f27f1-5e63-4679-a3e8-ad29b39a5643.event.properties.Action}",
          "stepInput": "4bf2e626-56d4-4050-bd5c-d7079edb763b"
        },
        {
          "inputPort": "input",
          "mapping": "${af9f27f1-5e63-4679-a3e8-ad29b39a5643.event.targetedRecipients}",
          "stepInput": "e5272b43-c531-4a60-a73c-00c3abebfa58"
        }
      ]
    },
    {
      "id": "e2eda4d3-8382-4ec4-9a94-256d220c4233",
      "label": "Statuspage API Response",
      "environment": "HOSTED",
      "presentation": "{\"w\":100,\"x\":940,\"h\":50,\"y\":564}",
      "step": "912a17f5-cd6c-47c0-9ef4-4e778f9f2752",
      "stepType": "SCRIPT_STEP",
      "inputMappings": [
        {
          "inputPort": "input",
          "mapping": "${af432218-ac12-44fe-a978-0e67ccfd2d07.short action}",
          "stepInput": "c2a15b5b-5cdb-40be-a123-61766e2ca367"
        },
        {
          "inputPort": "input",
          "mapping": "${af9f27f1-5e63-4679-a3e8-ad29b39a5643.event.properties.Statuspage Unique ID for Get}",
          "stepInput": "eb679a25-17e6-4896-bf37-1941a0344978"
        },
        {
          "inputPort": "input",
          "mapping": "${a813d595-c7f6-4584-85a7-0ddce8bbf7ba.Name}",
          "stepInput": "b6028a5c-e133-40cc-b9b8-5826771a814d"
        },
        {
          "inputPort": "input",
          "mapping": "${a813d595-c7f6-4584-85a7-0ddce8bbf7ba.Created}",
          "stepInput": "8a1386b4-4c47-4d30-a48c-17bcced743ca"
        },
        {
          "inputPort": "input",
          "mapping": "${a813d595-c7f6-4584-85a7-0ddce8bbf7ba.Updated}",
          "stepInput": "476d8b54-9af2-4381-be73-7b474c8c58c6"
        },
        {
          "inputPort": "input",
          "mapping": "${a813d595-c7f6-4584-85a7-0ddce8bbf7ba.Resolved}",
          "stepInput": "9247f0d7-e9a1-4335-949c-d5542eacdedd"
        },
        {
          "inputPort": "input",
          "mapping": "${a813d595-c7f6-4584-85a7-0ddce8bbf7ba.Shortlink}",
          "stepInput": "cd083d58-2f1d-45c8-b8f1-fe6c1a194b2c"
        },
        {
          "inputPort": "input",
          "mapping": "${a813d595-c7f6-4584-85a7-0ddce8bbf7ba.Status}",
          "stepInput": "2c2e9dd3-fb50-4f5f-8750-42f9d42e2ed2"
        },
        {
          "inputPort": "input",
          "mapping": "${a813d595-c7f6-4584-85a7-0ddce8bbf7ba.Impact}",
          "stepInput": "8d2a96e2-0a23-4854-9577-d92e7168a26a"
        },
        {
          "inputPort": "input",
          "mapping": "${a813d595-c7f6-4584-85a7-0ddce8bbf7ba.Component Names}",
          "stepInput": "657d5e98-f5c3-491a-a72b-738f4db51d97"
        },
        {
          "inputPort": "input",
          "mapping": "${a813d595-c7f6-4584-85a7-0ddce8bbf7ba.Component Ids}",
          "stepInput": "cb7610a4-a4bf-419c-8ad7-0fb97223c19f"
        },
        {
          "inputPort": "input",
          "mapping": "${a813d595-c7f6-4584-85a7-0ddce8bbf7ba.gotIt}",
          "stepInput": "24b9e0e6-1052-46dd-aebd-539dc733fccd"
        },
        {
          "inputPort": "input",
          "mapping": "${a813d595-c7f6-4584-85a7-0ddce8bbf7ba.error}",
          "stepInput": "3e957770-6656-48d4-8f74-990bc99fed26"
        },
        {
          "inputPort": "input",
          "mapping": "${a813d595-c7f6-4584-85a7-0ddce8bbf7ba.errMsg}",
          "stepInput": "5be916cd-75ce-41fc-9394-44b036fe9fc0"
        },
        {
          "inputPort": "input",
          "mapping": "${a813d595-c7f6-4584-85a7-0ddce8bbf7ba.error}",
          "stepInput": "f197e4dc-9743-4741-934d-a71bd4bcb084"
        },
        {
          "inputPort": "input",
          "mapping": "${af9f27f1-5e63-4679-a3e8-ad29b39a5643.event.properties.Action}",
          "stepInput": "4bf2e626-56d4-4050-bd5c-d7079edb763b"
        },
        {
          "inputPort": "input",
          "mapping": "${af9f27f1-5e63-4679-a3e8-ad29b39a5643.event.targetedRecipients}",
          "stepInput": "e5272b43-c531-4a60-a73c-00c3abebfa58"
        }
      ]
    },
    {
      "id": "15c058f3-acc1-4f40-bd05-a990cf710642",
      "label": "Statuspage API Response",
      "environment": "HOSTED",
      "presentation": "{\"w\":100,\"x\":1137,\"h\":50,\"y\":111}",
      "step": "912a17f5-cd6c-47c0-9ef4-4e778f9f2752",
      "stepType": "SCRIPT_STEP",
      "inputMappings": [
        {
          "inputPort": "input",
          "mapping": "${af432218-ac12-44fe-a978-0e67ccfd2d07.short action}",
          "stepInput": "c2a15b5b-5cdb-40be-a123-61766e2ca367"
        },
        {
          "inputPort": "input",
          "mapping": "${af9f27f1-5e63-4679-a3e8-ad29b39a5643.event.properties.Statuspage Unique ID}",
          "stepInput": "eb679a25-17e6-4896-bf37-1941a0344978"
        },
        {
          "inputPort": "input",
          "mapping": "${94d4c991-9e9a-4f27-910d-6df977a73ef5.Name}",
          "stepInput": "b6028a5c-e133-40cc-b9b8-5826771a814d"
        },
        {
          "inputPort": "input",
          "mapping": "${94d4c991-9e9a-4f27-910d-6df977a73ef5.Impact}",
          "stepInput": "8a1386b4-4c47-4d30-a48c-17bcced743ca"
        },
        {
          "inputPort": "input",
          "mapping": "${94d4c991-9e9a-4f27-910d-6df977a73ef5.Resolved}",
          "stepInput": "9247f0d7-e9a1-4335-949c-d5542eacdedd"
        },
        {
          "inputPort": "input",
          "mapping": "${94d4c991-9e9a-4f27-910d-6df977a73ef5.Shortlink}",
          "stepInput": "cd083d58-2f1d-45c8-b8f1-fe6c1a194b2c"
        },
        {
          "inputPort": "input",
          "mapping": "${94d4c991-9e9a-4f27-910d-6df977a73ef5.Status}",
          "stepInput": "2c2e9dd3-fb50-4f5f-8750-42f9d42e2ed2"
        },
        {
          "inputPort": "input",
          "mapping": "${94d4c991-9e9a-4f27-910d-6df977a73ef5.Impact}",
          "stepInput": "8d2a96e2-0a23-4854-9577-d92e7168a26a"
        },
        {
          "inputPort": "input",
          "mapping": "${94d4c991-9e9a-4f27-910d-6df977a73ef5.Component Names}",
          "stepInput": "657d5e98-f5c3-491a-a72b-738f4db51d97"
        },
        {
          "inputPort": "input",
          "mapping": "${94d4c991-9e9a-4f27-910d-6df977a73ef5.Component Ids}",
          "stepInput": "cb7610a4-a4bf-419c-8ad7-0fb97223c19f"
        },
        {
          "inputPort": "input",
          "mapping": "${94d4c991-9e9a-4f27-910d-6df977a73ef5.resolved_boolean}",
          "stepInput": "24b9e0e6-1052-46dd-aebd-539dc733fccd"
        },
        {
          "inputPort": "input",
          "mapping": "${94d4c991-9e9a-4f27-910d-6df977a73ef5.error}",
          "stepInput": "3e957770-6656-48d4-8f74-990bc99fed26"
        },
        {
          "inputPort": "input",
          "mapping": "${94d4c991-9e9a-4f27-910d-6df977a73ef5.errMsg}",
          "stepInput": "5be916cd-75ce-41fc-9394-44b036fe9fc0"
        },
        {
          "inputPort": "input",
          "mapping": "${94d4c991-9e9a-4f27-910d-6df977a73ef5.statusCode}",
          "stepInput": "f197e4dc-9743-4741-934d-a71bd4bcb084"
        },
        {
          "inputPort": "input",
          "mapping": "${af9f27f1-5e63-4679-a3e8-ad29b39a5643.event.properties.Action}",
          "stepInput": "4bf2e626-56d4-4050-bd5c-d7079edb763b"
        },
        {
          "inputPort": "input",
          "mapping": "${af9f27f1-5e63-4679-a3e8-ad29b39a5643.event.targetedRecipients}",
          "stepInput": "e5272b43-c531-4a60-a73c-00c3abebfa58"
        }
      ]
    },
    {
      "id": "579cf03d-76ef-4b8f-84d6-8d27e8791f6b",
      "label": "Statuspage API Response",
      "environment": "HOSTED",
      "presentation": "{\"w\":100,\"x\":1316,\"h\":50,\"y\":262}",
      "step": "912a17f5-cd6c-47c0-9ef4-4e778f9f2752",
      "stepType": "SCRIPT_STEP",
      "inputMappings": [
        {
          "inputPort": "input",
          "mapping": "${af432218-ac12-44fe-a978-0e67ccfd2d07.short action}",
          "stepInput": "c2a15b5b-5cdb-40be-a123-61766e2ca367"
        },
        {
          "inputPort": "input",
          "mapping": "${af9f27f1-5e63-4679-a3e8-ad29b39a5643.event.properties.Statuspage Unique ID}",
          "stepInput": "eb679a25-17e6-4896-bf37-1941a0344978"
        },
        {
          "inputPort": "input",
          "mapping": "${a0462482-a4c9-4167-b78d-770feaafa63e.Name}",
          "stepInput": "b6028a5c-e133-40cc-b9b8-5826771a814d"
        },
        {
          "inputPort": "input",
          "mapping": "${a0462482-a4c9-4167-b78d-770feaafa63e.Status}",
          "stepInput": "2c2e9dd3-fb50-4f5f-8750-42f9d42e2ed2"
        },
        {
          "inputPort": "input",
          "mapping": "${a0462482-a4c9-4167-b78d-770feaafa63e.deleted_boolean}",
          "stepInput": "24b9e0e6-1052-46dd-aebd-539dc733fccd"
        },
        {
          "inputPort": "input",
          "mapping": "${a0462482-a4c9-4167-b78d-770feaafa63e.error}",
          "stepInput": "3e957770-6656-48d4-8f74-990bc99fed26"
        },
        {
          "inputPort": "input",
          "mapping": "${a0462482-a4c9-4167-b78d-770feaafa63e.errMsg}",
          "stepInput": "5be916cd-75ce-41fc-9394-44b036fe9fc0"
        },
        {
          "inputPort": "input",
          "mapping": "${a0462482-a4c9-4167-b78d-770feaafa63e.statusCode}",
          "stepInput": "f197e4dc-9743-4741-934d-a71bd4bcb084"
        },
        {
          "inputPort": "input",
          "mapping": "${af9f27f1-5e63-4679-a3e8-ad29b39a5643.event.properties.Action}",
          "stepInput": "4bf2e626-56d4-4050-bd5c-d7079edb763b"
        },
        {
          "inputPort": "input",
          "mapping": "${af9f27f1-5e63-4679-a3e8-ad29b39a5643.event.targetedRecipients}",
          "stepInput": "e5272b43-c531-4a60-a73c-00c3abebfa58"
        }
      ]
    },
    {
      "id": "af432218-ac12-44fe-a978-0e67ccfd2d07",
      "label": "Statuspage Make Shortname",
      "environment": "HOSTED",
      "presentation": "{\"w\":100,\"x\":52,\"h\":50,\"y\":175}",
      "step": "22edb5f2-f503-451e-8804-96a9a905d684",
      "stepType": "SCRIPT_STEP",
      "inputMappings": [
        {
          "inputPort": "input",
          "mapping": "${af9f27f1-5e63-4679-a3e8-ad29b39a5643.event.properties.Action}",
          "stepInput": "128a3aa4-7882-48f9-8894-d7690a4bc7ee"
        }
      ]
    },
    {
      "id": "27043f99-d339-42e5-8107-adfa68a7894d",
      "label": "Statuspage Response BAD",
      "environment": "HOSTED",
      "presentation": "{\"w\":100,\"x\":2143,\"h\":50,\"y\":31}",
      "step": "701ddc5a-a6de-4be9-8976-4b3bbdac3208",
      "stepType": "CREATE_EVENT",
      "inputMappings": [
        {
          "inputPort": "input",
          "mapping": "Android Phone,Home Email,Home Phone,iPad,iPhone,Microsoft Teams,Mobile Phone,Mobile Phone 2,Pager,Personal Landline Phone,Personal Mobile,Personal Mobile 2,Personal Mobile 2 SMS,Personal Mobile SMS,Slack,SMS Phone,SMS Phone 2,SMS Work,Work Email,Work Mobile,Work Mobile SMS,Work Phone",
          "sectionItemKey": "03814979-59a3-5cf4-9672-b86ccf756621"
        },
        {
          "inputPort": "input",
          "mapping": "${e4b1a5b5-c54c-4a12-adcc-d153c32660b8.recipient}",
          "sectionItemKey": "recipients"
        },
        {
          "inputPort": "input",
          "mapping": "${e4b1a5b5-c54c-4a12-adcc-d153c32660b8.error}",
          "sectionItemKey": "061c41ea-8401-4eee-bcb2-76275a0dcd18"
        },
        {
          "inputPort": "input",
          "mapping": "${e4b1a5b5-c54c-4a12-adcc-d153c32660b8.errorMsg}",
          "sectionItemKey": "cb04e71b-9880-4dac-827a-58f879aa746c"
        },
        {
          "inputPort": "input",
          "mapping": "${e4b1a5b5-c54c-4a12-adcc-d153c32660b8.Statuspage Unique ID}",
          "sectionItemKey": "a1a69393-e0c9-4df7-8633-bbaed471b890"
        },
        {
          "inputPort": "input",
          "mapping": "180",
          "sectionItemKey": "f13633bb-d78a-408e-8ea2-81e2b8f021a2"
        },
        {
          "inputPort": "input",
          "mapping": "${e4b1a5b5-c54c-4a12-adcc-d153c32660b8.Action}",
          "sectionItemKey": "93fe7ff2-821a-4248-bdb9-0407b0f5038c"
        }
      ]
    },
    {
      "id": "dfe7aeb1-253a-4eb1-87b8-9644b79a170c",
      "label": "Statuspage Response GOOD",
      "environment": "HOSTED",
      "presentation": "{\"w\":100,\"x\":2053,\"h\":50,\"y\":-119}",
      "step": "b4675a61-c5eb-43ef-806f-19b64f862e3a",
      "stepType": "CREATE_EVENT",
      "inputMappings": [
        {
          "inputPort": "input",
          "mapping": "${e4b1a5b5-c54c-4a12-adcc-d153c32660b8.Statuspage Resolved}",
          "sectionItemKey": "939ecfaf-0d20-4e79-8e0a-782a653a8a3a"
        },
        {
          "inputPort": "input",
          "mapping": "180",
          "sectionItemKey": "ab6cc41a-333b-428d-bf1c-2443f11d9d88"
        },
        {
          "inputPort": "input",
          "mapping": "${e4b1a5b5-c54c-4a12-adcc-d153c32660b8.Statuspage Status}",
          "sectionItemKey": "cd1fdf60-5243-4309-98d1-edd2959a1264"
        },
        {
          "inputPort": "input",
          "mapping": "${e4b1a5b5-c54c-4a12-adcc-d153c32660b8.error}",
          "sectionItemKey": "061c41ea-8401-4eee-bcb2-76275a0dcd18"
        },
        {
          "inputPort": "input",
          "mapping": "${e4b1a5b5-c54c-4a12-adcc-d153c32660b8.Step Name}",
          "sectionItemKey": "9a6e1f94-2509-45c0-9976-0989307b2561"
        },
        {
          "inputPort": "input",
          "mapping": "${e4b1a5b5-c54c-4a12-adcc-d153c32660b8.Incident List}",
          "sectionItemKey": "0f11bd79-03d1-4880-ba1d-409a5d8c3c93"
        },
        {
          "inputPort": "input",
          "mapping": "${e4b1a5b5-c54c-4a12-adcc-d153c32660b8.Action}",
          "sectionItemKey": "93fe7ff2-821a-4248-bdb9-0407b0f5038c"
        },
        {
          "inputPort": "input",
          "mapping": "${e4b1a5b5-c54c-4a12-adcc-d153c32660b8.Statuspage Updated}",
          "sectionItemKey": "2a5ba953-dda5-448f-9692-77ffc5e52f88"
        },
        {
          "inputPort": "input",
          "mapping": "${e4b1a5b5-c54c-4a12-adcc-d153c32660b8.Statuspage Unique ID}",
          "sectionItemKey": "a1a69393-e0c9-4df7-8633-bbaed471b890"
        },
        {
          "inputPort": "input",
          "mapping": "${e4b1a5b5-c54c-4a12-adcc-d153c32660b8.Incident Objects}",
          "sectionItemKey": "7e2a6579-395a-449e-9b44-43d9610c8942"
        },
        {
          "inputPort": "input",
          "mapping": "${e4b1a5b5-c54c-4a12-adcc-d153c32660b8.count}",
          "sectionItemKey": "bed747b2-665a-4e8c-b160-ed63d1a9f6e6"
        },
        {
          "inputPort": "input",
          "mapping": "${e4b1a5b5-c54c-4a12-adcc-d153c32660b8.Component IDs}",
          "sectionItemKey": "4e58095f-d2ff-4502-a4dd-5742596d128a"
        },
        {
          "inputPort": "input",
          "mapping": "${e4b1a5b5-c54c-4a12-adcc-d153c32660b8.recipient}",
          "sectionItemKey": "recipients"
        },
        {
          "inputPort": "input",
          "mapping": "${e4b1a5b5-c54c-4a12-adcc-d153c32660b8.Statuspage Incident Name}",
          "sectionItemKey": "542d600b-516c-4c73-84ba-1a4c59871a7f"
        },
        {
          "inputPort": "input",
          "mapping": "${e4b1a5b5-c54c-4a12-adcc-d153c32660b8.Component Names}",
          "sectionItemKey": "49f0a2da-6e89-4c74-86b4-3eac247b9a9b"
        },
        {
          "inputPort": "input",
          "mapping": "${e4b1a5b5-c54c-4a12-adcc-d153c32660b8.Shortlink}",
          "sectionItemKey": "f8545dc0-3ca7-42a6-83cf-e94fa790fa07"
        },
        {
          "inputPort": "input",
          "mapping": "${e4b1a5b5-c54c-4a12-adcc-d153c32660b8.errorMsg}",
          "sectionItemKey": "cb04e71b-9880-4dac-827a-58f879aa746c"
        },
        {
          "inputPort": "input",
          "mapping": "${e4b1a5b5-c54c-4a12-adcc-d153c32660b8.Statuspage Created}",
          "sectionItemKey": "2e5a87d6-747c-4498-b68c-dfaf3a79be12"
        },
        {
          "inputPort": "input",
          "mapping": "${e4b1a5b5-c54c-4a12-adcc-d153c32660b8.HTTP StatusCode}",
          "sectionItemKey": "d3ceceb9-1799-418c-9781-9690863fcdb8"
        },
        {
          "inputPort": "input",
          "mapping": "Android Phone,Home Email,Home Phone,iPad,iPhone,Microsoft Teams,Mobile Phone,Mobile Phone 2,Pager,Personal Landline Phone,Personal Mobile,Personal Mobile 2,Personal Mobile 2 SMS,Personal Mobile SMS,Slack,SMS Phone,SMS Phone 2,SMS Work,Work Email,Work Mobile,Work Mobile SMS,Work Phone",
          "sectionItemKey": "66f85588-3aa6-5961-b000-9e77a994a5e1"
        },
        {
          "inputPort": "input",
          "mapping": "${e4b1a5b5-c54c-4a12-adcc-d153c32660b8.Impact}",
          "sectionItemKey": "9d8fcc0b-d382-4e7d-bafa-3a0f85419bf2"
        }
      ]
    },
    {
      "id": "7b8f1b1a-a204-40bf-862d-123be88bb9d1",
      "label": "Statuspage Trigger Form - Alert Status Updates",
      "environment": "HOSTED",
      "presentation": "{\"w\":100,\"x\":-386,\"h\":50,\"y\":174}",
      "step": "1e0b0b4e-b51d-4f81-8fdc-f76890b3d7f5",
      "stepType": "INTEGRATION"
    },
    {
      "id": "e4b1a5b5-c54c-4a12-adcc-d153c32660b8",
      "label": "Statuspage Trigger Form - Callable Trigger",
      "environment": "HOSTED",
      "presentation": "{\"w\":100,\"x\":1533,\"h\":50,\"y\":-69}",
      "step": "050334ce-85b6-499b-8e39-60203b49fa62",
      "stepType": "INTEGRATION"
    },
    {
      "id": "3e1161d7-6d34-48c6-b234-941bceda4b1e",
      "label": "Switch",
      "environment": "HOSTED",
      "presentation": "{\"w\":100,\"x\":305,\"h\":50,\"y\":-342}",
      "stepType": "SWITCH",
      "inputMappings": [
        {
          "inputPort": "input",
          "mapping": "${af432218-ac12-44fe-a978-0e67ccfd2d07.short action}"
        }
      ],
      "switchCases": [
        {
          "caseId": "a96e4c80-e1b6-4295-bce2-fd8c79e6a017",
          "caseValue": "create"
        },
        {
          "caseId": "86480de5-fa82-4e03-a44c-d0bb1d2a8b22",
          "caseValue": "update"
        },
        {
          "caseId": "c57cfdf8-d9ea-44ea-95e3-f1b231e9eebb",
          "caseValue": "resolve"
        },
        {
          "caseId": "b450831e-a408-4183-baad-47d8301510af",
          "caseValue": "delete"
        },
        {
          "caseId": "236a92e7-3c4d-46bd-a7f3-ac6040fcabbb",
          "caseValue": "get from Keywords"
        },
        {
          "caseId": "fc00364d-b0ad-4c90-8a34-cad0fb3e5c3c",
          "caseValue": "get from Id"
        },
        {
          "caseId": "2fc73278-065a-4d74-b8b4-952526b84158",
          "caseValue": "get list"
        }
      ]
    },
    {
      "id": "245b1012-9cfb-46cc-8f5b-1be8909caee8",
      "endpoint": "Statuspage",
      "label": "Update Incident with Components",
      "environment": "HOSTED",
      "presentation": "{\"w\":100,\"x\":676,\"h\":50,\"y\":-40}",
      "step": "8d136891-9cd3-4f39-ba3f-777dcb5564ce",
      "stepType": "SCRIPT_STEP",
      "inputMappings": [
        {
          "inputPort": "input",
          "mapping": "${constants.API Key}",
          "stepInput": "ccd346b7-564c-4b8e-8d51-152ffad18be4"
        },
        {
          "inputPort": "input",
          "mapping": "${constants.Page ID}",
          "stepInput": "e104ab63-c938-4772-b6ee-37a91448c5b7"
        },
        {
          "inputPort": "input",
          "mapping": "${af9f27f1-5e63-4679-a3e8-ad29b39a5643.event.properties.Statuspage Unique ID}",
          "stepInput": "8ad49f72-d017-44cb-b355-9fa9dd144a12"
        },
        {
          "inputPort": "input",
          "mapping": "${af9f27f1-5e63-4679-a3e8-ad29b39a5643.event.properties.Incident Name}",
          "stepInput": "8da2c4ee-c50b-46a2-bb28-31f671a15e50"
        },
        {
          "inputPort": "input",
          "mapping": "${af9f27f1-5e63-4679-a3e8-ad29b39a5643.event.properties.Statuspage Status}",
          "stepInput": "2ea8762c-7d86-4ffe-bc33-43437d25d757"
        },
        {
          "inputPort": "input",
          "mapping": "${af9f27f1-5e63-4679-a3e8-ad29b39a5643.event.properties.Body}",
          "stepInput": "800fb4d9-0bce-40f4-a958-d04ea5253dc3"
        },
        {
          "inputPort": "input",
          "mapping": "${af9f27f1-5e63-4679-a3e8-ad29b39a5643.event.properties.Impact Override}",
          "stepInput": "84ae05fa-b8c7-4681-8faf-af4920ef9ccf"
        },
        {
          "inputPort": "input",
          "mapping": "${af9f27f1-5e63-4679-a3e8-ad29b39a5643.event.properties.Components}",
          "stepInput": "fd5d25b3-e429-4ce4-957b-e856b09ffadb"
        },
        {
          "inputPort": "input",
          "mapping": "${af9f27f1-5e63-4679-a3e8-ad29b39a5643.event.properties.Component Groups}",
          "stepInput": "9689fd4f-5c44-4631-9749-05f97f10732b"
        },
        {
          "inputPort": "input",
          "mapping": "${af9f27f1-5e63-4679-a3e8-ad29b39a5643.event.properties.Component Status}",
          "stepInput": "dbe96877-9bb1-41b0-8cd3-bf10147b1070"
        },
        {
          "inputPort": "input",
          "mapping": "${af9f27f1-5e63-4679-a3e8-ad29b39a5643.event.properties.Metadata}",
          "stepInput": "6174ad59-3d49-4e09-bd4b-c89b97a1c8fc"
        }
      ]
    },
    {
      "id": "28e0bc46-c724-4ff8-b75b-72d0ac364dc1",
      "label": "Worked OK?",
      "environment": "HOSTED",
      "presentation": "{\"w\":100,\"x\":1818,\"h\":50,\"y\":-270}",
      "stepType": "SWITCH",
      "inputMappings": [
        {
          "inputPort": "input",
          "mapping": "${e4b1a5b5-c54c-4a12-adcc-d153c32660b8.workedOK}"
        }
      ],
      "switchCases": [
        {
          "caseId": "e4a57315-6165-4d8f-977f-71ad472e6358",
          "caseValue": "true"
        }
      ]
    }
  ],
  "edges": [
    {
      "fromBlock": "94d4c991-9e9a-4f27-910d-6df977a73ef5",
      "fromPort": "output",
      "toBlock": "15c058f3-acc1-4f40-bd05-a990cf710642",
      "toPort": "input"
    },
    {
      "fromBlock": "a0462482-a4c9-4167-b78d-770feaafa63e",
      "fromPort": "output",
      "toBlock": "579cf03d-76ef-4b8f-84d6-8d27e8791f6b",
      "toPort": "input"
    },
    {
      "fromBlock": "a813d595-c7f6-4584-85a7-0ddce8bbf7ba",
      "fromPort": "output",
      "toBlock": "e2eda4d3-8382-4ec4-9a94-256d220c4233",
      "toPort": "input"
    },
    {
      "fromBlock": "af432218-ac12-44fe-a978-0e67ccfd2d07",
      "fromPort": "output",
      "toBlock": "3e1161d7-6d34-48c6-b234-941bceda4b1e",
      "toPort": "input"
    },
    {
      "fromBlock": "e4b1a5b5-c54c-4a12-adcc-d153c32660b8",
      "fromPort": "output",
      "toBlock": "28e0bc46-c724-4ff8-b75b-72d0ac364dc1",
      "toPort": "input"
    },
    {
      "fromBlock": "120940fe-ad8a-496b-85b4-8f96f3f0d5a0",
      "fromPort": "output",
      "toBlock": "bda160ad-7264-4f01-bc91-18b1c90477e3",
      "toPort": "input"
    },
    {
      "fromBlock": "1dc568db-8af5-4346-a8e4-6d6baaa33660",
      "fromPort": "07cf50f9-48fe-41d2-804a-a930faf7a742",
      "toBlock": "af432218-ac12-44fe-a978-0e67ccfd2d07",
      "toPort": "input"
    },
    {
      "fromBlock": "245b1012-9cfb-46cc-8f5b-1be8909caee8",
      "fromPort": "output",
      "toBlock": "dcf103ad-175c-43d2-8fbd-44e36dfb08e5",
      "toPort": "input"
    },
    {
      "fromBlock": "28e0bc46-c724-4ff8-b75b-72d0ac364dc1",
      "fromPort": "e4a57315-6165-4d8f-977f-71ad472e6358",
      "toBlock": "dfe7aeb1-253a-4eb1-87b8-9644b79a170c",
      "toPort": "input"
    },
    {
      "fromBlock": "28e0bc46-c724-4ff8-b75b-72d0ac364dc1",
      "fromPort": "output",
      "toBlock": "27043f99-d339-42e5-8107-adfa68a7894d",
      "toPort": "input"
    },
    {
      "fromBlock": "28f84312-657c-44c0-b59c-1b8e5b776f66",
      "fromPort": "output",
      "toBlock": "8fd0fced-4e48-4a78-93db-a8f87142a5fc",
      "toPort": "input"
    },
    {
      "fromBlock": "3e1161d7-6d34-48c6-b234-941bceda4b1e",
      "fromPort": "c57cfdf8-d9ea-44ea-95e3-f1b231e9eebb",
      "toBlock": "94d4c991-9e9a-4f27-910d-6df977a73ef5",
      "toPort": "input"
    },
    {
      "fromBlock": "3e1161d7-6d34-48c6-b234-941bceda4b1e",
      "fromPort": "b450831e-a408-4183-baad-47d8301510af",
      "toBlock": "a0462482-a4c9-4167-b78d-770feaafa63e",
      "toPort": "input"
    },
    {
      "fromBlock": "3e1161d7-6d34-48c6-b234-941bceda4b1e",
      "fromPort": "fc00364d-b0ad-4c90-8a34-cad0fb3e5c3c",
      "toBlock": "a813d595-c7f6-4584-85a7-0ddce8bbf7ba",
      "toPort": "input"
    },
    {
      "fromBlock": "3e1161d7-6d34-48c6-b234-941bceda4b1e",
      "fromPort": "2fc73278-065a-4d74-b8b4-952526b84158",
      "toBlock": "120940fe-ad8a-496b-85b4-8f96f3f0d5a0",
      "toPort": "input"
    },
    {
      "fromBlock": "3e1161d7-6d34-48c6-b234-941bceda4b1e",
      "fromPort": "86480de5-fa82-4e03-a44c-d0bb1d2a8b22",
      "toBlock": "245b1012-9cfb-46cc-8f5b-1be8909caee8",
      "toPort": "input"
    },
    {
      "fromBlock": "3e1161d7-6d34-48c6-b234-941bceda4b1e",
      "fromPort": "a96e4c80-e1b6-4295-bce2-fd8c79e6a017",
      "toBlock": "28f84312-657c-44c0-b59c-1b8e5b776f66",
      "toPort": "input"
    },
    {
      "fromBlock": "3e1161d7-6d34-48c6-b234-941bceda4b1e",
      "fromPort": "236a92e7-3c4d-46bd-a7f3-ac6040fcabbb",
      "toBlock": "5d31b787-5f83-47bb-839b-9d789d66deeb",
      "toPort": "input"
    },
    {
      "fromBlock": "5d31b787-5f83-47bb-839b-9d789d66deeb",
      "fromPort": "output",
      "toBlock": "e23b1e3f-dfa5-43ce-8bc8-29fed43a47b9",
      "toPort": "input"
    },
    {
      "fromBlock": "7b8f1b1a-a204-40bf-862d-123be88bb9d1",
      "fromPort": "output",
      "toBlock": "1dc568db-8af5-4346-a8e4-6d6baaa33660",
      "toPort": "input"
    }
  ]
}