{
  "version": "1.9",
  "name": "xMatters Labs Statuspage Steps",
  "description": "Seven new Statuspage steps for xMatters Flow Designer. Show which components and component-groups are affected by an outage. Also steps to create, resolve, list, view and delete Statuspage Incidents. By Richard Selby, Everbridge Digital Operations, June 2024.",
  "isActive": true,
  "order": 0,
  "iconOverride": "https://s3-xmatters-static.s3.amazonaws.com/image_library/customers/b1d45caa-e9a4-4422-9702-5aece4f445a0/IMAGE__20240530112442549__statuspage_xm_mosaic_small.png",
  "documentLink": "",
  "documentLabel": "",
  "productType": "XM"
}