{
  "integrations": [
    {
      "id": "1e0b0b4e-b51d-4f81-8fdc-f76890b3d7f5",
      "name": "Statuspage Trigger Form - Alert Status Updates - 1e0b0b4e-b51d-4f81-8fdc-f76890b3d7f5",
      "action": "RUN_SCRIPT",
      "type": "OUTBOUND_WEBHOOK",
      "triggeredBy": "STATUS",
      "deployed": true,
      "form": "af9f27f1-5e63-4679-a3e8-ad29b39a5643",
      "environment": "HOSTED",
      "authType": "NONE",
      "createdBy": "FLOW"
    },
    {
      "id": "050334ce-85b6-499b-8e39-60203b49fa62",
      "name": "Statuspage Trigger Form - Callable Trigger - 050334ce-85b6-499b-8e39-60203b49fa62",
      "action": "CALLABLE_TRIGGER",
      "type": "INBOUND_WEBHOOK",
      "deployed": true,
      "form": "af9f27f1-5e63-4679-a3e8-ad29b39a5643",
      "environment": "HOSTED",
      "authType": "OAUTH",
      "createdBy": "FLOW",
      "integrationScriptStepUuid": "b4a1b16f-1cd7-49f4-ad33-8387d236c351"
    }
  ],
  "endpoints": [
    {
      "name": "Statuspage",
      "baseUrl": "https://api.statuspage.io",
      "type": "EXTERNAL",
      "authentication": "NO_AUTH",
      "endpointData": "{}"
    }
  ],
  "constants": [
    {
      "name": "API Key",
      "value": "_insert_api_key_here_",
      "description": "Obtain this from your Statuspage API Info page. Used in an authentication header"
    },
    {
      "name": "Page ID",
      "value": "_pageid_here_",
      "description": "Obtain this from your Statuspage API Info page"
    }
  ]
}