[
  {
    "id": "688f6353-9477-4c61-91c2-6874b25b76bf",
    "name": "Statuspage Get Incident List",
    "description": "Get a list of Statuspage Incidents. Options available include all, unresolved, upcoming. Returns a list of Incident Ids, a count and an array of incident summary objects. You can sort the results too, but sorting is applied AFTER the API has returned information. Max results in one page is 100 Incidents. By Richard Selby, Everbridge Digital Operations, May 2024",
    "icon": "https://s3-xmatters-static.s3.amazonaws.com/null/customers/b1d45caa-e9a4-4422-9702-5aece4f445a0/IMAGE__20240530112656332__sp_purple.png",
    "script": "const log = msg => console.log(msg); // Quick log\nconst title = 'Statuspage Get Incident List';\n\nlog(`${title} step started`);\n\nconst apiKey = input['API Key'];\nconst pageId = input['Page ID'];\n\n// Legal choices for filter and sort_by\nvar VALID_OPTIONS = {\n  filter: ['unresolved','scheduled','upcoming','active_maintenance','all'],\n  sort_by: ['created_at','resolved_at','updated_at','name']\n};\n\n// Filter \nlet filter = input['filter'];\nif (filter) {\n  filter = filter.toLowerCase(); // Case sensitive API + validation\n  if (!isValid(filter, VALID_OPTIONS.filter)) {\n    log(`Bad filter ${filter}. Must be one of: ` + VALID_OPTIONS.filter.join(', ') + '.');\n    log(\"Going with 'unresolved'\");\n    filter = 'unresolved';\n  }\n}\nelse {\n    log(\"No filter supplied, using 'unresolved'\");\n    filter ='unresolved';\n}\n\n// Post-API sorting of Incidents\nlet sort_by = input.sort_by;\nlet sort_order = input.sort_order;\nif (!sort_by)  {\n   // log(`No extra sorting. Using ordering from Statuspage`);\n    sort_by = false;\n}\nelse { // sorting\n    sort_by = sort_by.toLowerCase(); // Case sensitive API + validation\n    if (!isValid(sort_by, VALID_OPTIONS.sort_by)) {\n        log(`Bad sort_by ${sort_by} option. Must be one of: ` + VALID_OPTIONS.sort_by.join(', ') + '.');\n        log(\"Going with 'updated_at'\");\n        sort_by = 'updated_at';\n    }\n    if (sort_order && (sort_order.toLowerCase() =='asc'))\n        sort_order ='asc';\n    else \n        sort_order = 'desc';\n}\n\nlet path;\n \nif (filter=='all')\n    path = 'v1/pages/' +pageId+ '/incidents'\nelse \n    path = 'v1/pages/' +pageId+ '/incidents/'+filter;\n    \nlet qp = [];\nlet queryparams='';\nif (input.per_page) {\n    if (input.per_page>0 && input.per_page<=100)\n        qp.push('limit='+encodeURIComponent(input.per_page));\n}\nif (input.page_offset) {\n    qp.push('page='+encodeURIComponent(input.page_offset));\n}\nif(qp.length) {\n    queryparams='?'+qp.join('&');\n    path = path + queryparams;\n}\n\nlog(`Query path: ${path}`);\n\n// Get going on the API call\nlet request = http.request({\n  endpoint: 'Statuspage',\n  headers: {Authorization: 'api_key ' + apiKey},\n  method: 'GET',\n  path: path\n});\n\n\nvar response = request.write();\nvar respBody = JSON.parse(response.body);\noutput.statusCode = response.statusCode;\n\n// expect 200 \nif (response.statusCode == 200 ) { // 200 OK\n    \n    let body = JSON.parse(response.body);\n    \n    if (!Array.isArray(body)){\n        log(`Expected an array`);\n        output.gotIt = false;\n        output.error = true;\n        output.errMsg = 'Expected an array from Statuspage API but got '+typeof(body)\n        \n    }\n    else { //decent results\n        output.count = body.length;\n        \n        if (body.length===0){ // empty array\n            log('No Incidents returned');\n            output.gotIt = false;\n            output.error = false;\n            output['Incident Ids'] = '';\n            output['Incidents'] = [];\n        }\n        else { // we have incidents\n            output.gotIt = true;\n            output.error = false;\n            let incidents = [];\n            let incidentIds = [];\n            \n            log(`Retrieved ${body.length} Statuspage incident${body.length==1?'':'s'}`);\n                \n            for (let i=0; i<body.length; i++) {\n                let inc = body[i];\n                \n                incidentIds.push(inc.id);\n                let incObj = {  id: inc.id,\n                                name: inc.name,\n                                status: inc.status,\n                                impact: inc.impact,\n                                created_at: inc.created_at,\n                                updated_at: inc.updated_at,\n                                resolved_at: inc.resolved_at\n                            };\n                incidents.push(incObj);\n                \n            }\n       \n            \n            output['Incident Ids'] = incidentIds.join(',');\n            output['Incidents'] = incidents;\n            \n            // Sorting\n            if (!sort_by)  {\n                log(`No extra sorting. Using ordering from Statuspage`);\n            }\n\n            else { // sorting\n                \n                log(`Sorting by ${sort_by} ${sort_order}`);\n                \n                log(`Before ${output['Incident Ids']}`);\n                // Go for the sort\n                switch(sort_by) {\n                    case \"updated_at\":\n                        sort_order =='asc'?  incidents.sort(compare_updated_asc):\n                                            incidents.sort(compare_updated_desc); break;\n                    case \"created_at\":\n                        sort_order =='asc'?  incidents.sort(compare_created_asc):\n                                            incidents.sort(compare_created_desc); break;\n                    case \"resolved_at\":\n                        sort_order =='asc'?  incidents.sort(compare_resolved_asc):\n                                            incidents.sort(compare_resolved_desc); break;\n                    case \"name\":\n                        sort_order =='asc'?  incidents.sort(compare_name_asc):\n                                            incidents.sort(compare_name_desc); break;\n                    default:\n                            log(`Sort_by ${sort_by}. Shouldn't be here`);\n                    \n                } //switch\n                \n \n                // Extract Incident Ids \n                output['Incident Ids'] = incidents.map(inc => inc.id).join();\n                output['Incidents'] = incidents;\n          \n                log(`After ${output['Incident Ids']}`);\n                        \n            }//  sorting\n        } // else we have incidents\n    } //else decent results\n}  //200 OK\n  \nelse {\n  var error = respBody.error;\n  if (Array.isArray(error)) {\n      error = error.join('. ');\n  }\n  let msg = 'Failed to get incident list [' + response.statusCode + ']: ' + error;\n  output.errMsg = msg;\n  output.error = true;\n  output.gotIt = false;\n  log(msg);\n}\n\nlog(`${title} step finished\\n`);\n\n\n// Sort functions for array of Incidents\nfunction compare_updated_asc(a,b)  {return (new Date(a.updated_at) - new Date (b.updated_at)) }\nfunction compare_updated_desc(a,b) {return (new Date(a.updated_at) - new Date (b.updated_at)*-1)}\nfunction compare_created_asc(a,b)  {return (new Date(a.created_at) - new Date (b.created_at)) }\nfunction compare_created_desc(a,b) {return (new Date(a.created_at) - new Date (b.created_at)*-1)} \nfunction compare_resolved_asc(a,b) {return (new Date(a.resolved_at) -new Date (b.resolved_at)) }\nfunction compare_resolved_desc(a,b){return (new Date(a.resolved_at) -new Date (b.resolved_at)*-1)}\nfunction compare_name_asc(a,b)     {return (a.name.toLowerCase() >  b.name.toLowerCase()?1:-1)}\nfunction compare_name_desc(a,b)    {return (a.name.toLowerCase() <= b.name.toLowerCase()?1:-1)}\n\n// Check that input is in the list of valid options\nfunction isValid (input, validOptions) {\n  var valueFound = false;\n  for (var i = 0; i < validOptions.length; i++) {\n    if (validOptions[i] === input) {\n      valueFound = true;\n      break;\n    }\n  }\n  return valueFound;\n}\n\n",
    "endpointAuthType": "NO_AUTH",
    "endpointLabel": "Statuspage",
    "allowedEnvironment": "HOSTED",
    "accessibleByAll": "NotShared",
    "stage": "DEPLOYED",
    "scriptStepType": "USER",
    "inputs": [
      {
        "id": "a04808ed-579d-4a60-8c5f-3624c7fc2e71",
        "name": "API Key",
        "helpText": "API Key to pass to Statuspage for authentication",
        "defaultValue": "",
        "multiline": false,
        "required": true,
        "validationRegex": "",
        "maxLength": 140,
        "minLength": 0,
        "position": 0
      },
      {
        "id": "ac8f0701-6666-4ed2-9a87-0bb29c0421c4",
        "name": "Page ID",
        "helpText": "ID of the Statuspage",
        "defaultValue": "",
        "multiline": false,
        "required": true,
        "validationRegex": "",
        "maxLength": 140,
        "minLength": 0,
        "position": 1
      },
      {
        "id": "e3f57924-b7b4-4e62-a276-d5e970a3223c",
        "name": "filter",
        "helpText": "unresolved | scheduled | upcoming | active_maintenance | all . Applied BEFORE API call.",
        "defaultValue": "unresolved",
        "multiline": false,
        "required": false,
        "validationRegex": "",
        "maxLength": 140,
        "minLength": 0,
        "position": 2
      },
      {
        "id": "beefaa9e-480b-4f0a-8f8b-d02f8cbf09b3",
        "name": "per_page",
        "helpText": "100 is both default and maximum. You can supply a lower number",
        "defaultValue": "",
        "multiline": false,
        "required": false,
        "validationRegex": "",
        "maxLength": 10,
        "minLength": 0,
        "position": 3
      },
      {
        "id": "7358c7f3-424b-4679-afed-6bcccf48760f",
        "name": "page_offset",
        "helpText": "",
        "defaultValue": "",
        "multiline": false,
        "required": false,
        "validationRegex": "",
        "maxLength": 5,
        "minLength": 0,
        "position": 4
      },
      {
        "id": "9c89b7bd-2f4a-42d2-b570-bcf91a2f2156",
        "name": "sort_by",
        "helpText": "created_at | updated_at | resolved_at | name N.B. Sorting applied AFTER the API has returned information, i.e. it sorts a subset of Incidents, not all Incidents ever.",
        "defaultValue": "",
        "multiline": false,
        "required": false,
        "validationRegex": "",
        "maxLength": 20000,
        "minLength": 0,
        "position": 5
      },
      {
        "id": "b8333d24-a154-4c07-9353-23c59ceea8aa",
        "name": "sort_order",
        "helpText": "asc | desc",
        "defaultValue": "",
        "multiline": false,
        "required": false,
        "validationRegex": "",
        "maxLength": 20000,
        "minLength": 0,
        "position": 6
      }
    ],
    "outputs": [
      {
        "id": "e7d6a938-7c5a-4b95-b1dc-4c73f2dd3f25",
        "name": "Incidents",
        "description": "Array of Incident summary objects",
        "position": 0
      },
      {
        "id": "425cf996-a93f-4bd3-8139-6727e72c7a2f",
        "name": "Incident Ids",
        "description": "Comma separated Incident Ids, in the same order as Incidents output",
        "position": 1
      },
      {
        "id": "a8a6147f-af0c-4b40-a8a8-7d0e49fbfa8b",
        "name": "count",
        "description": "number of Incidents returned",
        "position": 2
      },
      {
        "id": "5e025819-d99d-4e45-abe3-70b9703521f2",
        "name": "gotIt",
        "description": "true when Incidents retrieved",
        "position": 3
      },
      {
        "id": "c3ac54b4-a8d0-463f-b5c8-62550a58c48f",
        "name": "statusCode",
        "description": "http status code from API call",
        "position": 4
      },
      {
        "id": "927d6933-2b34-4710-9cec-113a41cdac31",
        "name": "error",
        "description": "true on error",
        "position": 5
      },
      {
        "id": "9dfc560b-c3a6-44dd-8ac1-bb78dfb47a06",
        "name": "errMsg",
        "description": "",
        "position": 6
      }
    ],
    "libraries": []
  },
  {
    "id": "c9a86889-65ba-40f9-b351-bef021839d4b",
    "name": "Statuspage Delete Incident",
    "description": "Deletes a Statuspage Incident using the Unique Id. By Richard Selby, Everbridge Digital Operations, May 2024",
    "icon": "https://s3-xmatters-static.s3.amazonaws.com/null/customers/b1d45caa-e9a4-4422-9702-5aece4f445a0/IMAGE__20240530112650521__sp_green.png",
    "script": "const log = msg => console.log(msg); // Quick log\nconst title = 'Statuspage Delete Incident';\n\nlog(`${title} step started`);\n\nconst apiKey = input['API Key'];\nconst pageId = input['Page ID'];\n\nlet uid = input['Unique ID'];\n\n\n// Get going on the API call\nlet httpRequest = http.request({\n  endpoint: 'Statuspage',\n  headers: {Authorization: 'api_key ' + apiKey},\n  method: 'DELETE',\n  path: 'v1/pages/' +pageId+ '/incidents/'+encodeURIComponent(uid)\n});\n\n\nvar response = httpRequest.write();\nvar respBody = JSON.parse(response.body);\noutput.statusCode = response.statusCode;\n\n// expect 200 Created\nif (response.statusCode == 200 ) {\n    let body = JSON.parse(response.body);\n    log(`Retrieved Incident \"${body.name}\"`);\n    \n    output.deleted_boolean = true;\n    output.error = false;\n            \n    let incident = body;\n    //output['Incident ID'] = incident.id; // It was passed in, so no need to return in\n    // Not a lot of point returning to many fields, seeing as it's gone.\n    output['Name'] = incident.name;\n    output['Status'] = incident.status;\n\n  \n}\n  \nelse {\n  var error = respBody.error;\n  if (Array.isArray(error)) {\n      error = error.join('. ');\n  }\n  let msg = 'Failed to delete incident \"' + uid + '\", [' + response.statusCode + ']: ' + error;\n  output.errMsg = msg;\n  output.error = true;\n  output.deleted_boolean = false;\n  log(msg);\n}\n\nlog(`${title} step finished\\n`);\n",
    "endpointAuthType": "NO_AUTH",
    "endpointLabel": "Statuspage",
    "allowedEnvironment": "HOSTED",
    "accessibleByAll": "NotShared",
    "stage": "DEPLOYED",
    "scriptStepType": "USER",
    "inputs": [
      {
        "id": "83fccb85-c966-41b3-8637-361d987c9d2a",
        "name": "API Key",
        "helpText": "API Key to pass to Statuspage for authentication",
        "defaultValue": "",
        "multiline": false,
        "required": true,
        "validationRegex": "",
        "maxLength": 140,
        "minLength": 0,
        "position": 0
      },
      {
        "id": "342f3245-da7f-476a-ba6a-73c61d9fda96",
        "name": "Page ID",
        "helpText": "ID of the page",
        "defaultValue": "",
        "multiline": false,
        "required": true,
        "validationRegex": "",
        "maxLength": 140,
        "minLength": 0,
        "position": 1
      },
      {
        "id": "e37bc761-9fc7-485c-96ba-6ba4b54b4ca5",
        "name": "Unique ID",
        "helpText": "Unique ID assigned to the incident by Statuspage",
        "defaultValue": "",
        "multiline": false,
        "required": true,
        "validationRegex": "",
        "maxLength": 140,
        "minLength": 0,
        "position": 2
      }
    ],
    "outputs": [
      {
        "id": "738e2847-4604-47bc-8f6a-0d73b7c26e01",
        "name": "Name",
        "description": "Incident name recorded on the page.",
        "position": 0
      },
      {
        "id": "75bf0ccf-1d13-458d-a124-9fe0b016c0be",
        "name": "Status",
        "description": "Status of the incident recorded in Statuspage. {status}",
        "position": 1
      },
      {
        "id": "7afbb995-674e-4d80-9e3b-38485ba70813",
        "name": "deleted_boolean",
        "description": "true when the Incident was deleted",
        "position": 2
      },
      {
        "id": "c6f20190-cc59-4d31-9424-453b7f156da6",
        "name": "statusCode",
        "description": "http status code from API call",
        "position": 3
      },
      {
        "id": "99197bc6-5d8b-4e17-96f8-2b7b2f29f7ee",
        "name": "error",
        "description": "true on error",
        "position": 4
      },
      {
        "id": "a8b8944f-6d66-4cf3-9ab1-41489344cf20",
        "name": "errMsg",
        "description": "",
        "position": 5
      }
    ],
    "libraries": []
  },
  {
    "id": "912a17f5-cd6c-47c0-9ef4-4e778f9f2752",
    "name": "Statuspage API Response",
    "description": "Pass on API results to an Alert",
    "icon": "https://s3-xmatters-static.s3.amazonaws.com/null/customers/b1d45caa-e9a4-4422-9702-5aece4f445a0/IMAGE__20220830065749952__loudhailer.png",
    "script": "050334ce-85b6-499b-8e39-60203b49fa62",
    "endpointAuthType": "XMATTERS",
    "endpointLabel": "xMatters",
    "allowedEnvironment": "HOSTED",
    "accessibleByAll": "NotShared",
    "stage": "DEPLOYED",
    "scriptStepType": "CALLABLE_FLOW_CALLER",
    "inputs": [
      {
        "id": "c2a15b5b-5cdb-40be-a123-61766e2ca367",
        "name": "Action",
        "helpText": "",
        "defaultValue": "",
        "multiline": false,
        "required": false,
        "maxLength": 20000,
        "minLength": 0,
        "position": 0
      },
      {
        "id": "eb679a25-17e6-4896-bf37-1941a0344978",
        "name": "Statuspage Unique ID",
        "helpText": "",
        "defaultValue": "",
        "multiline": false,
        "required": false,
        "maxLength": 20000,
        "minLength": 0,
        "position": 1
      },
      {
        "id": "b6028a5c-e133-40cc-b9b8-5826771a814d",
        "name": "Statuspage Incident Name",
        "helpText": "",
        "defaultValue": "",
        "multiline": false,
        "required": false,
        "maxLength": 20000,
        "minLength": 0,
        "position": 2
      },
      {
        "id": "8a1386b4-4c47-4d30-a48c-17bcced743ca",
        "name": "Statuspage Created",
        "helpText": "",
        "defaultValue": "",
        "multiline": false,
        "required": false,
        "maxLength": 20000,
        "minLength": 0,
        "position": 3
      },
      {
        "id": "476d8b54-9af2-4381-be73-7b474c8c58c6",
        "name": "Statuspage Updated",
        "helpText": "",
        "defaultValue": "",
        "multiline": false,
        "required": false,
        "maxLength": 20000,
        "minLength": 0,
        "position": 4
      },
      {
        "id": "9247f0d7-e9a1-4335-949c-d5542eacdedd",
        "name": "Statuspage Resolved",
        "helpText": "",
        "defaultValue": "",
        "multiline": false,
        "required": false,
        "maxLength": 20000,
        "minLength": 0,
        "position": 5
      },
      {
        "id": "cd083d58-2f1d-45c8-b8f1-fe6c1a194b2c",
        "name": "Shortlink",
        "helpText": "",
        "defaultValue": "",
        "multiline": false,
        "required": false,
        "maxLength": 20000,
        "minLength": 0,
        "position": 6
      },
      {
        "id": "2c2e9dd3-fb50-4f5f-8750-42f9d42e2ed2",
        "name": "Statuspage Status",
        "helpText": "",
        "defaultValue": "",
        "multiline": false,
        "required": false,
        "maxLength": 20000,
        "minLength": 0,
        "position": 7
      },
      {
        "id": "8d2a96e2-0a23-4854-9577-d92e7168a26a",
        "name": "Impact",
        "helpText": "",
        "defaultValue": "",
        "multiline": false,
        "required": false,
        "maxLength": 20000,
        "minLength": 0,
        "position": 8
      },
      {
        "id": "657d5e98-f5c3-491a-a72b-738f4db51d97",
        "name": "Component Names",
        "helpText": "",
        "defaultValue": "",
        "multiline": false,
        "required": false,
        "maxLength": 20000,
        "minLength": 0,
        "position": 9
      },
      {
        "id": "cb7610a4-a4bf-419c-8ad7-0fb97223c19f",
        "name": "Component IDs",
        "helpText": "",
        "defaultValue": "",
        "multiline": false,
        "required": false,
        "maxLength": 20000,
        "minLength": 0,
        "position": 10
      },
      {
        "id": "76a060eb-0c8d-46a9-a08c-ec2b3e5907ad",
        "name": "count",
        "helpText": "",
        "defaultValue": "",
        "multiline": false,
        "required": false,
        "maxLength": 20000,
        "minLength": 0,
        "position": 11
      },
      {
        "id": "6b243446-ecbc-4c6a-8f98-165b36805bfe",
        "name": "Incident Objects",
        "helpText": "",
        "defaultValue": "",
        "multiline": false,
        "required": false,
        "maxLength": 20000,
        "minLength": 0,
        "position": 12
      },
      {
        "id": "22492bd0-231f-462c-a74d-33d58d4d3dad",
        "name": "Incident List",
        "helpText": "",
        "defaultValue": "",
        "multiline": false,
        "required": false,
        "maxLength": 20000,
        "minLength": 0,
        "position": 13
      },
      {
        "id": "24b9e0e6-1052-46dd-aebd-539dc733fccd",
        "name": "workedOK",
        "helpText": "",
        "defaultValue": "",
        "multiline": false,
        "required": false,
        "maxLength": 20000,
        "minLength": 0,
        "position": 14
      },
      {
        "id": "3e957770-6656-48d4-8f74-990bc99fed26",
        "name": "error",
        "helpText": "true on error",
        "defaultValue": "",
        "multiline": false,
        "required": false,
        "maxLength": 20000,
        "minLength": 0,
        "position": 15
      },
      {
        "id": "5be916cd-75ce-41fc-9394-44b036fe9fc0",
        "name": "errorMsg",
        "helpText": "",
        "defaultValue": "",
        "multiline": false,
        "required": false,
        "maxLength": 20000,
        "minLength": 0,
        "position": 16
      },
      {
        "id": "f197e4dc-9743-4741-934d-a71bd4bcb084",
        "name": "HTTP StatusCode",
        "helpText": "",
        "defaultValue": "",
        "multiline": false,
        "required": false,
        "maxLength": 20000,
        "minLength": 0,
        "position": 17
      },
      {
        "id": "4bf2e626-56d4-4050-bd5c-d7079edb763b",
        "name": "Step Name",
        "helpText": "",
        "defaultValue": "",
        "multiline": false,
        "required": false,
        "maxLength": 20000,
        "minLength": 0,
        "position": 18
      },
      {
        "id": "e5272b43-c531-4a60-a73c-00c3abebfa58",
        "name": "recipient",
        "helpText": "",
        "defaultValue": "",
        "multiline": false,
        "required": false,
        "maxLength": 20000,
        "minLength": 0,
        "position": 19
      }
    ],
    "outputs": [
      {
        "id": "1ce57bb1-f28c-4825-8b0d-f9248ce75807",
        "name": "Request ID",
        "description": "The unique identifier (UUID) of the request that initiated the trigger.",
        "position": 0
      }
    ],
    "libraries": []
  },
  {
    "id": "2d0cc888-672b-48d7-a477-c1d0733ec20e",
    "name": "Statuspage Get Incident From Id",
    "description": "Search for a Statuspage Incident using the Unique Id. By Richard Selby, Everbridge Digital Operations, May 2024",
    "icon": "https://s3-xmatters-static.s3.amazonaws.com/null/customers/b1d45caa-e9a4-4422-9702-5aece4f445a0/IMAGE__20240530112656332__sp_purple.png",
    "script": "const log = msg => console.log(msg); // Quick log\nconst title = 'Statuspage Get Incident From Id';\n\nlog(`${title} step started`);\n\nconst apiKey = input['API Key'];\nconst pageId = input['Page ID'];\n\nlet uid = input['Unique ID'];\n\n\n// Get going on the API call\nlet httpRequest = http.request({\n  endpoint: 'Statuspage',\n  headers: {Authorization: 'api_key ' + apiKey},\n  method: 'GET',\n  path: 'v1/pages/' +pageId+ '/incidents/'+encodeURIComponent(uid)\n});\n\n\nvar response = httpRequest.write();\nvar respBody = JSON.parse(response.body);\noutput.statusCode = response.statusCode;\n\n// expect 200 Created\nif (response.statusCode == 200 ) {\n    let body = JSON.parse(response.body);\n    log(`Retrieved Incident \"${body.name}\"`);\n    \n    output.gotIt = true;\n    output.error = false;\n            \n    let incident = body;\n    //output['Incident ID'] = incident.id; // It was passed in, so no need to return in\n    output['Impact'] = incident.impact;\n    output['Name'] = incident.name;\n    output['Shortlink'] = incident.shortlink;\n    output['Status'] = incident.status;\n    output['Created'] = incident.created_at;\n    output['Updated'] = incident.updated_at;\n    output['Resolved'] = incident.resolved_at;\n    output['Monitoring'] = incident.monitoring_at;\n    output['Metadata'] = incident.metadata;\n            \n    // Components\n    let componentIds = []; \n    let componentNames = [];\n    let componentStatuses = [];\n    if (incident.components && Array.isArray(incident.components)) {\n    let components = incident.components;\n        for (let i=0;i<components.length; i++) {\n            let comp = components[i];\n            componentIds.push(comp.id);\n            componentNames.push(comp.name);\n            componentStatuses.push(comp.status);    \n        }    \n    }\n            \n    output['Component Ids'] = componentIds;\n    output['Component Names'] = componentNames;\n    output['Component Statuses'] = componentStatuses;\n}\n  \nelse {\n  var error = respBody.error;\n  if (Array.isArray(error)) {\n      error = error.join('. ');\n  }\n  let msg = 'Failed to get incident \"' + uid + '\", [' + response.statusCode + ']: ' + error;\n  output.errMsg = msg;\n  output.error = true;\n  output.gotIt = false;\n  log(msg);\n}\n\nlog(`${title} step finished\\n`);\n",
    "endpointAuthType": "NO_AUTH",
    "endpointLabel": "Statuspage",
    "allowedEnvironment": "HOSTED",
    "accessibleByAll": "NotShared",
    "stage": "DEPLOYED",
    "scriptStepType": "USER",
    "inputs": [
      {
        "id": "ad857027-9c26-40eb-8b8b-eff2ef8395f7",
        "name": "API Key",
        "helpText": "API Key to pass to Statuspage for authentication",
        "defaultValue": "",
        "multiline": false,
        "required": true,
        "validationRegex": "",
        "maxLength": 140,
        "minLength": 0,
        "position": 0
      },
      {
        "id": "949072fd-c605-4047-8971-e1fe5786bec7",
        "name": "Page ID",
        "helpText": "ID of the Statuspage",
        "defaultValue": "",
        "multiline": false,
        "required": true,
        "validationRegex": "",
        "maxLength": 140,
        "minLength": 0,
        "position": 1
      },
      {
        "id": "1ec0f7e1-e9d5-47b1-87f0-ff73ff24d11f",
        "name": "Unique ID",
        "helpText": "Unique ID assigned to the incident by Statuspage",
        "defaultValue": "",
        "multiline": false,
        "required": true,
        "validationRegex": "",
        "maxLength": 140,
        "minLength": 0,
        "position": 2
      }
    ],
    "outputs": [
      {
        "id": "8b2d5db2-4619-4434-a481-8b3636b00e92",
        "name": "Name",
        "description": "Incident name recorded on the page.",
        "position": 0
      },
      {
        "id": "77ebacf8-81b1-43ea-b433-2ef95f8ca360",
        "name": "Status",
        "description": "Status of the incident recorded in Statuspage. {status}",
        "position": 1
      },
      {
        "id": "e7219c38-f252-4f1f-98e1-f9230896135a",
        "name": "Created",
        "description": "Timestamp of when the incident was created. {created_at}",
        "position": 2
      },
      {
        "id": "5c3181bb-2bf2-4c24-a513-137929e8677a",
        "name": "Updated",
        "description": "Timestamp of when the incident was updated. {updated_at}",
        "position": 3
      },
      {
        "id": "2435a82b-8912-40bc-9b7a-219ea4a71545",
        "name": "Monitoring",
        "description": "Timestamp when Incident was set to Monitoring",
        "position": 4
      },
      {
        "id": "970bce63-3ed7-4d72-a8ba-91421257928f",
        "name": "Resolved",
        "description": "",
        "position": 5
      },
      {
        "id": "ae91f152-feba-43ed-b2c1-fef9b8acff98",
        "name": "Impact",
        "description": "Impact of the incident recorded in Statuspage. {impact}",
        "position": 6
      },
      {
        "id": "d8dbb534-0203-4f92-9f71-a70d90929123",
        "name": "Shortlink",
        "description": "Shortlink assigned to the incident by Statuspage. {shortlink}",
        "position": 7
      },
      {
        "id": "e497ff3e-b17a-4900-a7e2-f8cd893bd8f1",
        "name": "Metadata",
        "description": "",
        "position": 8
      },
      {
        "id": "d29207b3-2679-46f2-82a1-f330eedc9829",
        "name": "Component Ids",
        "description": "Array of affected component Ids on the Incident",
        "position": 9
      },
      {
        "id": "e3f4257b-9c7b-4b44-bcfd-b11cbcbc9337",
        "name": "Component Names",
        "description": "Array of affected component names on the Incident. Same order as Component Ids",
        "position": 10
      },
      {
        "id": "6c89b283-44ac-4ac5-b59e-a47b3d731fa9",
        "name": "Component Statuses",
        "description": "Array of affected component statuses on the Incident. Same order as Component Ids",
        "position": 11
      },
      {
        "id": "c85dc769-f1e1-4fe6-830f-9a4f6803ccdf",
        "name": "gotIt",
        "description": "true when the Incident Id was retrieved",
        "position": 12
      },
      {
        "id": "47d4fef8-8eb9-4817-a1a3-cc9a521bc8f5",
        "name": "statusCode",
        "description": "http status code from API call",
        "position": 13
      },
      {
        "id": "5066ac52-09eb-48e9-972e-e5284f490af8",
        "name": "error",
        "description": "true on error",
        "position": 14
      },
      {
        "id": "2ce85d95-4509-4feb-bff5-ed5e2e34434a",
        "name": "errMsg",
        "description": "",
        "position": 15
      }
    ],
    "libraries": []
  },
  {
    "id": "22edb5f2-f503-451e-8804-96a9a905d684",
    "name": "Statuspage Make Shortname",
    "description": "Utility step. Turns the Flow Designer step name (Action on the trigger form) into a shorter name. Useful in the summary email, and to make the following Switch easier to read.",
    "icon": "https://s3-xmatters-static.s3.amazonaws.com/null/customers/b1d45caa-e9a4-4422-9702-5aece4f445a0/IMAGE__20230329101252254__2023_x_blue.png",
    "script": "let action = input.action;\nlet short = '';\n\nswitch(action){\n    case \"Create Statuspage Incident\": short='create'; break;\n    case \"Update Statuspage Incident\": short='update'; break;\n    case \"Resolve Statuspage Incident\": short='resolve'; break;\n    case \"Delete Statuspage Incident\": short='delete'; break;\n    case \"Get Statuspage Incident from Keywords\": short='get from Keywords'; break;\n    case \"Get Statuspage Incident from Id\": short='get from Id'; break;   \n    case \"Get Statuspage Incident List\": short='get list'; break;  \n    \n        \n    default: short = 'unknown';\n}\n\noutput['short action'] = short;\n",
    "endpointLabel": "",
    "allowedEnvironment": "HOSTED",
    "accessibleByAll": "NotShared",
    "stage": "DEPLOYED",
    "scriptStepType": "USER",
    "inputs": [
      {
        "id": "128a3aa4-7882-48f9-8894-d7690a4bc7ee",
        "name": "action",
        "helpText": "",
        "defaultValue": "",
        "multiline": false,
        "required": false,
        "validationRegex": "",
        "maxLength": 20000,
        "minLength": 0,
        "position": 0
      }
    ],
    "outputs": [
      {
        "id": "f0263b95-4711-4924-857f-7b6d0010b935",
        "name": "short action",
        "description": "",
        "position": 0
      }
    ],
    "libraries": []
  },
  {
    "id": "86e4c64d-4149-4b5c-89a3-832f6c687210",
    "name": "Statuspage Get Incident From Keywords",
    "description": "Search for a Statuspage Incident using keywords. If more than one Incident is found, details from only the first Incident are returned. However the other Incidents Ids are also supplied. By Richard Selby, Everbridge Digital Operations, May 2024",
    "icon": "https://s3-xmatters-static.s3.amazonaws.com/null/customers/b1d45caa-e9a4-4422-9702-5aece4f445a0/IMAGE__20240530112656332__sp_purple.png",
    "script": "const log = msg => console.log(msg); // Quick log\nconst title = 'Statuspage Get Incident From Keywords';\n\nlog(`${title} step started`);\n\n\nconst apiKey = input['API Key'];\nconst pageId = input['Page ID'];\n\n\nlet words = input['Keywords'];\n\n// Get going on the API call\nlet httpRequest = http.request({\n  endpoint: 'Statuspage',\n  headers: {Authorization: 'api_key ' + apiKey},\n  method: 'GET',\n  path: 'v1/pages/' +pageId+ '/incidents?q='+encodeURIComponent(words)\n});\n\n\nvar response = httpRequest.write();\nvar respBody = JSON.parse(response.body);\noutput.statusCode = response.statusCode;\n\n// expect 200 Created\nif (response.statusCode == 200 ) {\n    \n    let body = JSON.parse(response.body);\n    \n    if (!Array.isArray(body)){\n        log(`Expected an array`);\n        output.gotIt = false;\n        output.error = true;\n        output.errMsg = 'Expected an array from Statuspage API but got '+typeof(body)\n        \n    }\n    else {\n        output.count = body.length;\n        \n        if (body.length===0){ // empty array\n            log('Nothing found for for '+JSON.stringify(words));\n            output.gotIt = false;\n            output.error = false;\n        }\n        else {\n            output.gotIt = true;\n            output.error = false;\n            \n            if (body.length==1){\n                log(`Found exactly 1 Statuspage incident \"${body[0].name}\"`);\n            }\n            else {\n                log(`Found ${body.length} Statuspage incidents from API, details from first, \"${body[0].name}\"`);\n                log(`NB See 'Other Ids' output for more Incident Ids`);   \n                \n                let otherIds = [];\n                for (let i=1;i<body.length;i++){\n                    let inc = body[i];\n                    otherIds.push(inc.id);\n                }\n                output['Other Ids'] = otherIds;\n            }\n            let incident = body[0];\n            \n            output['Incident ID'] = incident.id;\n            output['Created'] = incident.created_at;\n            output['Impact'] = incident.impact;\n            output['Name'] = incident.name;\n            output['Shortlink'] = incident.shortlink;\n            output['Status'] = incident.status;\n            output['Updated'] = incident.updated_at;\n            output['Resolved'] = incident.resolved_at;\n            \n            \n            let componentIds = []; \n            let componentNames = [];\n            if (incident.components && Array.isArray(incident.components)) {\n                let components = incident.components;\n                for (let i=0;i<components.length; i++) {\n                    let comp = components[i];\n                    componentIds.push(comp.id);\n                    componentNames.push(comp.name);\n                }    \n            }\n            \n            output['Component Ids'] = componentIds;\n            output['Component Names'] = componentNames;\n        }\n    }\n}\n  \n\nelse {\n  var error = respBody.error;\n  if (Array.isArray(error)) {\n      error = error.join('. ');\n  }\n  let msg = 'Failed to find incident \"' + input['Keywords'] + '\", [' + response.statusCode + ']: ' + error;\n  output.errMsg = msg;\n  output.error = true;\n  output.gotIt = false;\n  log(msg);\n}\n\nlog(`${title} step finished\\n`);\n\n  ",
    "endpointAuthType": "NO_AUTH",
    "endpointLabel": "Statuspage",
    "allowedEnvironment": "HOSTED",
    "accessibleByAll": "NotShared",
    "stage": "DEPLOYED",
    "scriptStepType": "USER",
    "inputs": [
      {
        "id": "5d3c560c-e1ef-49a1-9206-fe55fff571e6",
        "name": "API Key",
        "helpText": "API Key to pass to Statuspage for authentication",
        "defaultValue": "",
        "multiline": false,
        "required": true,
        "validationRegex": "",
        "maxLength": 140,
        "minLength": 0,
        "position": 0
      },
      {
        "id": "75684ce0-3218-4636-b25c-b2427edb35d0",
        "name": "Page ID",
        "helpText": "ID of the Statuspage",
        "defaultValue": "",
        "multiline": false,
        "required": true,
        "validationRegex": "",
        "maxLength": 140,
        "minLength": 0,
        "position": 1
      },
      {
        "id": "d4fd92e3-30aa-409d-85fa-5f3e16347f2e",
        "name": "Keywords",
        "helpText": "Keywords to search for. Words are or'd together.",
        "defaultValue": "",
        "multiline": false,
        "required": true,
        "validationRegex": "",
        "maxLength": 140,
        "minLength": 0,
        "position": 2
      }
    ],
    "outputs": [
      {
        "id": "faf5025d-1b2a-4309-b9e0-925101e96f15",
        "name": "Name",
        "description": "Incident name recorded on the page. {name}",
        "position": 0
      },
      {
        "id": "12eede94-bc15-43d3-bfb2-7f49fa3606a2",
        "name": "Incident ID",
        "description": "Unique ID assigned to the incident by Statuspage. {id}",
        "position": 1
      },
      {
        "id": "1159c7ea-1682-4b81-9c7f-3aa720e2a3e9",
        "name": "Created",
        "description": "Timestamp of when the incident was created. {created_at}",
        "position": 2
      },
      {
        "id": "b2b653d3-1f3d-4d50-9c4a-3e36689cb027",
        "name": "Updated",
        "description": "Timestamp of when the incident was updated. {updated_at}",
        "position": 3
      },
      {
        "id": "acd6d8df-5249-460f-b6ad-1f9ef25de9d9",
        "name": "Resolved",
        "description": "",
        "position": 4
      },
      {
        "id": "3cda8075-b5f5-45a5-993c-93da89ed1617",
        "name": "Impact",
        "description": "Impact of the incident recorded in Statuspage. {impact}",
        "position": 5
      },
      {
        "id": "b70db0b8-94ba-4c0f-91ca-7a67bef1448d",
        "name": "Shortlink",
        "description": "Shortlink assigned to the incident by Statuspage. {shortlink}",
        "position": 6
      },
      {
        "id": "727d9eec-479e-4440-9d46-6232d8f4237d",
        "name": "Status",
        "description": "Status of the incident recorded in Statuspage. {status}",
        "position": 7
      },
      {
        "id": "7ed8ceec-18aa-4729-8eb2-22ce235cd4c3",
        "name": "Component Ids",
        "description": "Array of affected component Ids on the Incident",
        "position": 8
      },
      {
        "id": "dcc74b36-0733-46b2-862e-194fba9f6fe4",
        "name": "Component Names",
        "description": "Array of affected component names on the Incident. Same order as Component Ids",
        "position": 9
      },
      {
        "id": "4d3bcdf3-0f1d-425a-9d60-096061ddf7f8",
        "name": "Other Ids",
        "description": "When count of returned Incidents is >1, the other Incident Ids are given as an array",
        "position": 10
      },
      {
        "id": "20df98d1-c3ee-4090-a599-a5c47ae590c4",
        "name": "gotIt",
        "description": "true when the Incident Id was retrieved",
        "position": 11
      },
      {
        "id": "0c9a7a09-982b-4f4b-82e7-4de4394fae3d",
        "name": "statusCode",
        "description": "http status code from API call",
        "position": 12
      },
      {
        "id": "26337e5d-a385-4bf6-b880-99e2695a0792",
        "name": "count",
        "description": "count of matching Incidents. If more than one is returned, we return details from the first only.",
        "position": 13
      },
      {
        "id": "cd24c722-db0b-4421-bdab-257ebfdab443",
        "name": "error",
        "description": "true on error",
        "position": 14
      },
      {
        "id": "2453565c-c721-4b00-b815-b275b00ead6e",
        "name": "errMsg",
        "description": "",
        "position": 15
      }
    ],
    "libraries": []
  },
  {
    "id": "b4a1b16f-1cd7-49f4-ad33-8387d236c351",
    "name": "Statuspage Trigger Form - Callable Trigger - 050334ce-85b6-499b-8e39-60203b49fa62",
    "description": "Pass on API results to an Alert",
    "icon": "https://s3-xmatters-static.s3.amazonaws.com/null/customers/b1d45caa-e9a4-4422-9702-5aece4f445a0/IMAGE__20220830065749952__loudhailer.png",
    "script": "generated by xm-script-executor",
    "allowedEnvironment": "HOSTED",
    "accessibleByAll": "NotShared",
    "stage": "DEPLOYED",
    "scriptStepType": "USER",
    "inputs": [],
    "outputs": [
      {
        "id": "c2a15b5b-5cdb-40be-a123-61766e2ca367",
        "name": "Action",
        "position": 0
      },
      {
        "id": "eb679a25-17e6-4896-bf37-1941a0344978",
        "name": "Statuspage Unique ID",
        "position": 1
      },
      {
        "id": "b6028a5c-e133-40cc-b9b8-5826771a814d",
        "name": "Statuspage Incident Name",
        "position": 2
      },
      {
        "id": "8a1386b4-4c47-4d30-a48c-17bcced743ca",
        "name": "Statuspage Created",
        "position": 3
      },
      {
        "id": "476d8b54-9af2-4381-be73-7b474c8c58c6",
        "name": "Statuspage Updated",
        "position": 4
      },
      {
        "id": "9247f0d7-e9a1-4335-949c-d5542eacdedd",
        "name": "Statuspage Resolved",
        "position": 5
      },
      {
        "id": "cd083d58-2f1d-45c8-b8f1-fe6c1a194b2c",
        "name": "Shortlink",
        "position": 6
      },
      {
        "id": "2c2e9dd3-fb50-4f5f-8750-42f9d42e2ed2",
        "name": "Statuspage Status",
        "position": 7
      },
      {
        "id": "8d2a96e2-0a23-4854-9577-d92e7168a26a",
        "name": "Impact",
        "position": 8
      },
      {
        "id": "657d5e98-f5c3-491a-a72b-738f4db51d97",
        "name": "Component Names",
        "position": 9
      },
      {
        "id": "cb7610a4-a4bf-419c-8ad7-0fb97223c19f",
        "name": "Component IDs",
        "position": 10
      },
      {
        "id": "76a060eb-0c8d-46a9-a08c-ec2b3e5907ad",
        "name": "count",
        "position": 11
      },
      {
        "id": "6b243446-ecbc-4c6a-8f98-165b36805bfe",
        "name": "Incident Objects",
        "position": 12
      },
      {
        "id": "22492bd0-231f-462c-a74d-33d58d4d3dad",
        "name": "Incident List",
        "position": 13
      },
      {
        "id": "24b9e0e6-1052-46dd-aebd-539dc733fccd",
        "name": "workedOK",
        "position": 14
      },
      {
        "id": "3e957770-6656-48d4-8f74-990bc99fed26",
        "name": "error",
        "position": 15
      },
      {
        "id": "5be916cd-75ce-41fc-9394-44b036fe9fc0",
        "name": "errorMsg",
        "position": 16
      },
      {
        "id": "f197e4dc-9743-4741-934d-a71bd4bcb084",
        "name": "HTTP StatusCode",
        "position": 17
      },
      {
        "id": "4bf2e626-56d4-4050-bd5c-d7079edb763b",
        "name": "Step Name",
        "position": 18
      },
      {
        "id": "e5272b43-c531-4a60-a73c-00c3abebfa58",
        "name": "recipient",
        "position": 19
      }
    ],
    "libraries": []
  },
  {
    "id": "69b24bf4-9e5f-4636-872f-7ce009be1176",
    "name": "Statuspage Create Incident with Components",
    "description": "Create a new incident in Statuspage, optionally with affected components. By Richard Selby, Everbridge Digital Operations, May 2024",
    "icon": "https://s3-xmatters-static.s3.amazonaws.com/null/customers/b1d45caa-e9a4-4422-9702-5aece4f445a0/IMAGE__20240530112650521__sp_green.png",
    "script": "const log = msg => console.log(msg); // Quick log\nconst title = 'Statuspage Create Incident with Components';\n\nlog(`${title} step started`);\n\nconst apiKey = input['API Key'];\nconst pageId = input['Page ID'];\n\n\n// Legal choices for impact, status and component_status\nvar VALID_OPTIONS = {\n  impact: ['none', 'minor', 'major', 'critical'],\n  status: ['investigating', 'identified', 'monitoring', 'resolved'],\n  component_status: [\"operational\",\"under_maintenance\", \"degraded_performance\",\"partial_outage\", \"major_outage\"]\n};\n\n\nlet components = input['Components'];\nlet componentIds;\nif (components) {\n    log(`Components are ${components}. Looking for IDs`);\n\n    let casesensitive = false;\n    componentIds = getComponentIds(components, casesensitive);\n    \n    if( Array.isArray(componentIds)){\n        log(`Got ${componentIds.length} component id${componentIds.length!=1?'s. They are':'. It is'} ${componentIds}`);     \n    }\n    else {\n        log(`No componentIds were found`);\n        componentIds = false;\n    }\n}\n\n\nlet componentGroups = input['Component Groups'];\nlet componentIdsFromGroups;\nif (componentGroups) {\n    log(`Components Groups are \"${componentGroups}\". Looking for member component-ids`);\n\n    let casesensitive = false;\n    componentIdsFromGroups = getComponentIdsFromGroups(componentGroups, casesensitive);\n    \n    if( Array.isArray(componentIdsFromGroups)){\n        log(`From component-groups got ${componentIdsFromGroups.length} component ids`);     \n    }\n    else {\n        log(`No componentIds from Component Groups were found`);\n        componentIdsFromGroups = false;\n    }\n}\n\nif (Array.isArray(componentIdsFromGroups) && Array.isArray(componentIds)){\n    log(`Combining componentIds from groups and individuals into one list`);\n    // Remove duplicates\n     componentIds = [...new Set(componentIds.concat(componentIdsFromGroups))];\n}\nelse if(Array.isArray(componentIdsFromGroups) && !componentIds){\n    log(`Just componentIds from groups`);\n    componentIds = componentIdsFromGroups;\n}\nelse if(Array.isArray(componentIds) && !componentIdsFromGroups) {\n    log(`Just componentIds from individuals`);\n}\nelse{ \n    log(`No affected components`);\n    componentIds = false;\n}\n\n\n//log(`Components list is ${JSON.stringify(componentIds)}`);\n/* // Do this differently\nif (componentIds) {\n    // Component names are not needed for API call, but we look them up so \n    // we can see what components were affected in the flow. Perhaps useful \n    // in a follow-on step\n    let componentNames = getComponentNamesFromIds(componentIds);\n    output['Component Ids'] = componentIds;\n    output['Component Names'] = componentNames;\n}*/\n\n\nconst metadata = input['Metadata'];\nif (metadata) {\n  try {\n    metadata = JSON.parse(metadata);\n  } catch (e) {\n    throw new Error('The Metadata input must be a parsable JSON string where the top level values represent objects.');\n  }\n}\n\n\nlet status = input['Status'];\nif (status) {\n  status = status.toLowerCase(); // Case sensitive API + validation\n  if (!isValid(status, VALID_OPTIONS.status)) {\n    throw new Error('Status input must be one of: ' + VALID_OPTIONS.status.join(', ') + '.');\n  }\n}\n\nlet impact = input['Impact Override'];\nif (impact) {\n  impact = impact.toLowerCase(); // Case sensitive API + validation\n  if (!isValid(impact, VALID_OPTIONS.impact)) {\n    throw new Error('Impact Override input must be one of: ' + VALID_OPTIONS.impact.join(', ') + '.');\n  }\n}\n\n\n// Get going on the main API call\nlet httpRequest = http.request({\n  endpoint: 'Statuspage',\n  headers: {Authorization: 'api_key ' + apiKey},\n  method: 'POST',\n  path: 'v1/pages/' +pageId+ '/incidents'\n});\n\nvar payload = {\n  incident: {\n    body: undefinedIfEmptyString(input['Body']),\n    impact_override: undefinedIfEmptyString(impact),\n    metadata: undefinedIfEmptyString(metadata),\n    name: undefinedIfEmptyString(input['Name']),\n    status: undefinedIfEmptyString(status),\n  }\n};\n\n// Sort out components, if specified\nif (componentIds) {// Add component Ids if we can\n\n    let compStatus;\n    if (input['Component status']) {\n        if (isValid(input['Component status'], VALID_OPTIONS.component_status)) {\n            compStatus = input['Component status'];\n            log(`Setting component status to ${compStatus}`);      \n        }\n        else {\n            compStatus = 'partial_outage';\n            log(`Nope, supplied component status ${input['Component status']} is invalid. Setting to ${compStatus}`);\n        }\n    }\n    else {\n        compStatus = 'partial_outage';\n        log(`Defaulting comp status to ${compStatus}`);\n            \n    }\n    \n    \n    log(`Including component_ids ${JSON.stringify(componentIds)}`);\n    payload.incident.component_ids = componentIds;\n\n    //log(`Including components`);\n    let compId;\n    let compObj = {};\n    \n    for(let i=0;i<componentIds.length;i++) {\n        \n        compId = componentIds[i];    \n        \n       // log(`compObj.${compId} = ${compStatus}`)\n        compObj[compId]  = compStatus;\n    }\n    log(`Including components ${JSON.stringify(compObj)}`);\n    payload.incident.components = compObj;\n    \n}\n\n\nlet response = httpRequest.write(payload);\nlet body = JSON.parse(response.body);\n\noutput['statusCode'] = response.statusCode;\n\n// expect 201 Created\nif (response.statusCode == 201) {\n    \n    log('Created Statuspage incident with Unique ID ' + body.id );\n    output['Incident ID'] = body.id;//Unique Id from Statuspage.\n    output['Created'] = body.created_at;\n    output['Impact'] = body.impact;\n    output['Name'] = body.name;\n    output['Shortlink'] = body.shortlink;\n    output['Status'] = body.status;\n    output['Updated'] = body.updated_at;\n   \n\n    componentIds = []; // Even though we figured the componentIds earlier, let's go with the \n                      // list returned by the API call. Perhaps less components were set then we hoped.\n    componentNames = [];\n    if (body.components && Array.isArray(body.components)) {\n        let components = body.components;\n        for (let i=0;i<components.length; i++) {\n            let comp = components[i];\n            componentIds.push(comp.id);\n            componentNames.push(comp.name);\n        }    \n    }\n    \n    output['Component Ids'] = componentIds;\n    output['Component Names'] = componentNames;\n\n    output.error = false;\n    output.created_boolean = true;\n} \n\nelse {\n  var error = body.error;\n  if (Array.isArray(error)) {\n      error = error.join('. ');\n  }\n  let msg = 'Failed to create incident \"' + input['Name'] + '\", [' + response.statusCode + ']: ' + error;\n  output.errMsg = msg;\n  output.error = true;\n  output.created_boolean = false;\n  log(msg);\n}\n\nlog(`${title} step finished\\n`);\n\n\n\n\n// THIS FUNCTION NOT USED\n// Pass in an array componentIds\n// Returns an array of component names\nfunction getComponentNamesFromIds(componentIds) {\n    //log(`getComponentNamesFromIds`);\n    \n    if (Array.isArray(componentIds)) {\n        let componentNames = [];\n        for (let i=0; i<componentIds.length; i++) {\n            \n            let cid = componentIds[i];\n            \n            let request = http.request({\n                endpoint: 'Statuspage',\n                headers: {Authorization: 'api_key ' + input['API Key']},\n                method: 'GET',\n                path: 'v1/pages/' + input['Page ID'] + '/components/'+cid\n            });\n            \n            let response = request.write();\n            \n             if (response.statusCode == 200) {\n                let body = JSON.parse(response.body);\n                let cname;\n                 \n                if (body.name)\n                    componentNames.push(body.name);\n            }\n        } //for\n        if (componentNames.length) {\n            log(`Returning ${componentNames.length} compoment name${componentNames.length==1?'':'s'}`);\n            return componentNames;\n        }\n        else {\n            log(`Weird. Didn't find any component names`);\n            return false;\n        }\n    }\n   \n    log(`No component-ids to look for`);\n    return false;\n}\n\n\n// Obtain componment Ids from Statuspage API.\n// Pass in a comma separated list of component names.\n// Set casesensitive to true for case-sensitive name matching\n// Returns an array of component Ids.\n// Names which can't be matched are skipped.\nfunction getComponentIds(components, casesensitive=false){\n    //log(`getComponentIds`);\n    \n    if (components) {\n        \n        log(`Getting a list of ComponentIds from Statuspage`);\n        \n        let componentIds = [];\n        let componentArray = [];\n        \n        let request = http.request({\n          endpoint: 'Statuspage',\n          headers: {Authorization: 'api_key ' + input['API Key']},\n          method: 'GET',\n          path: 'v1/pages/' + input['Page ID'] + '/components'\n        });\n        \n        let response = request.write();\n        \n        if (response.statusCode == 200) {\n            \n            let pageComponents = JSON.parse(response.body);\n            //componentArray = components.split(',').map(function(item) {return item.trim();});\n            componentArray = components.split(',').map(item => item.trim());\n            \n            for (component of componentArray){\n                \n                let found;\n                \n                if (casesensitive)\n                    found = pageComponents.find(element => element.name == component);\n                else\n                    found = pageComponents.find(element => element.name.toLowerCase() == component.toLowerCase());\n                  \n                if(found){\n                    log(`Found component \"${component}\". Id: ${found.id}`)\n                    componentIds.push(found.id);\n                }\n                else {\n                    log (`Didn't find component \"${component}\"`);\n                }\n            }\n        }\n        \n        if (componentIds.length > 0){\n                log(`Found ${componentIds.length} of ${componentArray.length} components`);\n            return componentIds;\n        } else {\n            \n            log(`Didn't find any of the components`);\n            return false;\n        }\n    } \n    \n    log(`No components to look for`);\n    return false;\n}\n\n\n// Obtain componment Ids from Statuspage API.\n// Pass in a comma separated list of component GROUP names.\n// Set casesensitive to true for case-sensitive name matching\n// Returns an array of component Ids of all components in the groups.\n// Names which can't be matched are skipped.\nfunction getComponentIdsFromGroups(componentGroups, casesensitive=false){\n    //log(`getComponentIdsFromGroups`);\n    \n    if (componentGroups) {\n        log(`Getting list of Component Groups from Statuspage`);\n        \n        let componentIds = [];\n        let componentGroupsArray = [];\n        \n        let request = http.request({\n          endpoint: 'Statuspage',\n          headers: {Authorization: 'api_key ' + input['API Key']},\n          method: 'GET',\n          path: 'v1/pages/' + input['Page ID'] + '/component-groups'\n        });\n        \n        let response = request.write();\n        \n        if (response.statusCode == 200) {\n            \n            let body = JSON.parse(response.body);\n            //componentArray = components.split(',').map(function(item) {return item.trim();});\n            componentGroupsArray = componentGroups.split(',').map(item => item.trim());\n            \n            for (cg of componentGroupsArray){\n                \n                let found;\n                \n                if (casesensitive)\n                    found = body.find(element => element.name == cg);\n                else\n                    found = body.find(element => element.name.toLowerCase() == cg.toLowerCase());\n                  \n                if (found) {\n                    log(`Found component-group \"${cg}\" containing ${found.components.length} components`);\n                    \n                    if (found.components.length)\n                       componentIds = componentIds.concat(found.components);\n                }\n                else {\n                    log (`Didn't find component-group \"${cg}\"`);\n                }\n            }\n        }\n        \n        if (componentIds.length > 0){\n                log(`Found ${componentIds.length} components from component-groups`);\n            return componentIds;\n        } else {\n            \n            log(`Didn't find any of the component-groups`);\n            return false;\n        }\n    } \n    \n    log(`No component-groups to look for`);\n    return false;\n}\n\n\n// Check that input is in the list of valid options\nfunction isValid (input, validOptions) {\n  var valueFound = false;\n  for (var i = 0; i < validOptions.length; i++) {\n    if (validOptions[i] === input) {\n      valueFound = true;\n      break;\n    }\n  }\n  return valueFound;\n}\n\n\nfunction undefinedIfEmptyString (input) {\n  return input === '' ? undefined : input;\n}\n\n  ",
    "endpointAuthType": "NO_AUTH",
    "endpointLabel": "Statuspage",
    "allowedEnvironment": "HOSTED",
    "accessibleByAll": "NotShared",
    "stage": "DEPLOYED",
    "scriptStepType": "USER",
    "inputs": [
      {
        "id": "23a33326-91ca-4c7d-ae96-f25740bc9b7e",
        "name": "API Key",
        "helpText": "API Key to pass to Statuspage for authentication",
        "defaultValue": "",
        "multiline": false,
        "required": true,
        "validationRegex": "",
        "maxLength": 140,
        "minLength": 0,
        "position": 0
      },
      {
        "id": "a4b9d0eb-6ab2-4986-872c-20926919fd68",
        "name": "Page ID",
        "helpText": "ID of the page to post the incident information to",
        "defaultValue": "",
        "multiline": false,
        "required": true,
        "validationRegex": "",
        "maxLength": 140,
        "minLength": 0,
        "position": 1
      },
      {
        "id": "cf511832-ae4f-4db3-8218-62f3b60e3040",
        "name": "Name",
        "helpText": "Incident name to display on the page",
        "defaultValue": "",
        "multiline": false,
        "required": true,
        "validationRegex": "",
        "maxLength": 140,
        "minLength": 0,
        "position": 2
      },
      {
        "id": "97fbc4b6-88d5-4cf9-8d29-782f009d4307",
        "name": "Status",
        "helpText": "Status to assign to the incident (defaults to investigating if left blank)",
        "defaultValue": "",
        "multiline": false,
        "required": false,
        "validationRegex": "",
        "maxLength": 140,
        "minLength": 0,
        "position": 3
      },
      {
        "id": "f2b156b7-a99e-4b98-8a09-d761844e7a05",
        "name": "Body",
        "helpText": "Message to post as the first incident update",
        "defaultValue": "",
        "multiline": true,
        "required": false,
        "validationRegex": "",
        "maxLength": 20000,
        "minLength": 0,
        "position": 4
      },
      {
        "id": "e6b1453c-42e0-45a1-a544-a710bde251e6",
        "name": "Impact Override",
        "helpText": "Override the calculated impact value (defaults to none if left blank)",
        "defaultValue": "",
        "multiline": false,
        "required": false,
        "validationRegex": "",
        "maxLength": 140,
        "minLength": 0,
        "position": 5
      },
      {
        "id": "a46ad693-cbde-4389-9ad8-0297fe1a5e1a",
        "name": "Components",
        "helpText": "Comma separated list of component names",
        "defaultValue": "",
        "multiline": false,
        "required": false,
        "validationRegex": "",
        "maxLength": 20000,
        "minLength": 0,
        "position": 6
      },
      {
        "id": "2ce8e267-13f9-4cf6-8d7e-0ab522796184",
        "name": "Component Groups",
        "helpText": "Comma separated list of component groups. Every component in the group will be selected.",
        "defaultValue": "",
        "multiline": false,
        "required": false,
        "validationRegex": "",
        "maxLength": 20000,
        "minLength": 0,
        "position": 7
      },
      {
        "id": "c9754c94-911d-4081-9c0f-692215c1d7ee",
        "name": "Component status",
        "helpText": "operational|under_maintenance|degraded_performance|partial_outage|major_outage",
        "defaultValue": "partial_outage",
        "multiline": false,
        "required": false,
        "validationRegex": "",
        "maxLength": 20000,
        "minLength": 0,
        "position": 8
      },
      {
        "id": "3a335595-f968-4318-9338-df4cec71913e",
        "name": "Metadata",
        "helpText": "Internal metadata to attach to the incident. Must be a parsable JSON string where the top level values represent objects. {incident.metadata}",
        "defaultValue": "",
        "multiline": true,
        "required": false,
        "validationRegex": "",
        "maxLength": 20000,
        "minLength": 0,
        "position": 9
      }
    ],
    "outputs": [
      {
        "id": "0c2ea778-f945-4628-b87e-6c97e82679f2",
        "name": "Incident ID",
        "description": "Unique ID assigned to the incident by Statuspage. {id}",
        "position": 0
      },
      {
        "id": "7c34b9dd-e31a-418a-92a9-60ba8a79c9fd",
        "name": "Created",
        "description": "Timestamp of when the incident was created. {created_at}",
        "position": 1
      },
      {
        "id": "8656bcaa-0a93-4f8d-97d6-7afa317317a6",
        "name": "Impact",
        "description": "Impact of the incident recorded in Statuspage. {impact}",
        "position": 2
      },
      {
        "id": "05a2e970-2fb4-4e65-95ca-f70ebf33e184",
        "name": "Name",
        "description": "Incident name recorded on the page. {name}",
        "position": 3
      },
      {
        "id": "a73ae785-2ef4-4956-8108-b81c53699c10",
        "name": "Shortlink",
        "description": "Shortlink assigned to the incident by Statuspage. {shortlink}",
        "position": 4
      },
      {
        "id": "1b55be68-63cf-479a-9fc1-26768db54fdf",
        "name": "Status",
        "description": "Status of the incident recorded in Statuspage. {status}",
        "position": 5
      },
      {
        "id": "17973c42-a955-4a8e-86e9-78440858c430",
        "name": "Updated",
        "description": "Timestamp of when the incident was updated. {updated_at}",
        "position": 6
      },
      {
        "id": "0b992fa5-f4d6-4955-8124-aa0eebe9caef",
        "name": "Component Names",
        "description": "Array of affected components on the new Incident. Includes those that came from groups. Ordering matches Component Ids output.",
        "position": 7
      },
      {
        "id": "e0070e44-c12f-463e-93db-34aab07fff0c",
        "name": "Component Ids",
        "description": "Array of affected component Ids on the new Incident. Includes those that came from groups. Ordering matches Component Names output.",
        "position": 8
      },
      {
        "id": "868caff0-6afe-41ea-93fa-686f69dae119",
        "name": "created_boolean",
        "description": "true when Incident successfully created",
        "position": 9
      },
      {
        "id": "ec933b5e-099a-4406-8ad5-7ca2cffdf571",
        "name": "statusCode",
        "description": "HTTP code of API call to Create Statuspage Incident. 201 is expected",
        "position": 10
      },
      {
        "id": "e258ad1a-3850-424b-a012-88daf7f2a417",
        "name": "error",
        "description": "true on error",
        "position": 11
      },
      {
        "id": "8e894785-6c02-4a2e-974f-d9d710e71088",
        "name": "errMsg",
        "description": "",
        "position": 12
      }
    ],
    "libraries": []
  },
  {
    "id": "bfffd29b-48ad-4897-8184-ea9c3cdb212b",
    "name": "Statuspage Resolve Incident with Components",
    "description": "Resolve an Incident in Statuspage, setting any impacted components to operational, or to another status if preferred. To use this step, you must supply the Statuspage Unique Id, aka Statuspage Incident ID. By Richard Selby, Everbridge Digital Operations, May 2024.",
    "icon": "https://s3-xmatters-static.s3.amazonaws.com/null/customers/b1d45caa-e9a4-4422-9702-5aece4f445a0/IMAGE__20240530112650521__sp_green.png",
    "script": "const log = msg => console.log(msg); // Quick log\nconst title = 'Statuspage Resolve Incident with Components';\n\nlog(`${title} step started`);\n\nconst apiKey = input['API Key'];\nconst pageId = input['Page ID'];\nconst incidentId = input['Statuspage Unique ID'];\n\n// Legal choices for component status\nvar VALID_OPTIONS = {\n    impact: ['none', 'minor', 'major', 'critical'],\n    component_status: [\"operational\",\"under_maintenance\", \"degraded_performance\",\"partial_outage\", \"major_outage\"]\n};\n\n// Does the Incident exist?\nlet incident = getIncident(incidentId);\nif (!incident) {\n    let msg ='No Incident with id '+incidentId;\n    log(msg +'. Cannot resolve');\n    log(`${title} step finished\\n`);\n    output.statusCode = 404;\n    output.resolved_boolean = false;\n    output.error = true;\n    output.errMsg = msg; \n    return;\n}\n\n// Sanity check on Metadata\nlet metadata = input['Metadata'];\nif (metadata) {\n  try {\n    metadata = JSON.parse(metadata);\n  } catch (e) {\n      log(`Metadata input must be a parsable JSON string where the top level values represent objects. Skipping`);\n      metadata = undefined;\n  }\n}\n\n\n// Sanity check on Impact Override\nlet impact = input['Impact Override'];\nif (impact) {\n  impact = impact.toLowerCase(); // Case sensitive API + validation\n  if (!isValid(impact, VALID_OPTIONS.impact)) {\n    log(`Impact Override input must be one of: ` + VALID_OPTIONS.impact.join(', ') + '. Setting to none');\n    impact = 'none';\n  }\n}\n\n\n// Pull out any non-operational components from the Incident\nlet componentIds = getComponentIdsFromIncident(incident);\nlet compObj = {};\n\nif (Array.isArray(componentIds) && componentIds.length) {\n    log(`Got ${componentIds.length} component id${componentIds.length!=1?'s. They are':'. It is'} ${componentIds}`);    \n    \n    let compStatus; \n    \n    // Possible, albeit unlikely, user wants to set another component status, \n    // e.g. degraded_performance. Sanity checks on input.\n    if (input['Component status']) {\n        if (isValid(input['Component status'], VALID_OPTIONS.component_status)) {\n            compStatus = input['Component status'];\n            log(`Setting component status to ${compStatus}`);      \n        }\n        else {\n            compStatus = 'operational';\n            log(`Nope, supplied component status ${input['Component status']} is invalid. Setting to ${compStatus}`);\n        }\n    }\n    else {\n        compStatus = 'operational';\n        log(`Defaulting comp status to ${compStatus}`);\n    }\n    \n    // Two properties go into the payload, first is component_ids\n    //log(`Including component_ids ${JSON.stringify(componentIds)}`);\n    //payload.incident.component_ids = componentIds;\n\n\n    let compId;\n    for(let i=0;i<componentIds.length;i++) {\n        \n        compId = componentIds[i];    \n        \n       // log(`compObj.${compId} = ${compStatus}`)\n        compObj[compId]  = compStatus;\n    }\n   \n}\nelse {\n    log(`No non-operational componentIds were found. No need to update components`);\n}\n\n\n\n// Get going on the API call\nlet httpRequest = http.request({\n  endpoint: 'Statuspage',\n  headers: {Authorization: 'api_key ' + apiKey},\n  method: 'PATCH',\n  path: 'v1/pages/' +pageId+ '/incidents/'+ incidentId\n});\n\n\nvar payload = {\n  incident: {\n    body: undefinedIfEmptyString(input['Body']),\n    impact_override: undefinedIfEmptyString(impact),\n    metadata: undefinedIfEmptyString(metadata),\n    name: undefinedIfEmptyString(input['Name']),\n    status: \"resolved\",\n  }\n};\n\nif (JSON.stringify(compObj)!='{}'){\n    log(`Including components ${JSON.stringify(compObj)}`);\n    payload.incident.components = compObj;\n}\n\n\n// HTTP Post time\nlet response = httpRequest.write(payload);\nlet body = JSON.parse(response.body);\noutput['statusCode'] = response.statusCode;\n\n// Expect 200 Ok\nif (response.statusCode == 200) {\n    \n    log('Resolved Statuspage incident with unique id ' + body.id );\n    output['Incident ID'] = body.id;\n    output['Created'] = body.created_at;\n    output['Impact'] = body.impact;\n    output['Name'] = body.name;\n    output['Shortlink'] = body.shortlink;\n    output['Status'] = body.status;\n    output['Resolved'] = body.resolved_at;\n\n    \n    \n    componentIds = []; // Even though we figured the componentIds earlier, let's go with the \n                      // list returned by the API call. Perhaps less components were set then we hoped.\n    let componentNames = [];\n    if (body.components && Array.isArray(body.components)) {\n        let components = body.components;\n        for (let i=0;i<components.length; i++) {\n            let comp = components[i];\n            componentIds.push(comp.id);\n            componentNames.push(comp.name);\n        }    \n    }\n    \n    output['Component Ids'] = componentIds;\n    output['Component Names'] = componentNames;\n\n    output.error = false;\n    output.resolved_boolean = true;\n} \n\nelse {\n    var error = body.error;\n    if (Array.isArray(error)) {\n        error = error.join('. ');\n    }\n    output.resolved_boolean = false;\n    output.error = true;\n    output.errMsg ='Failed to resolve incident with id ' + incidentId + ', [' + response.statusCode + ']: ' + error ;\n}\n\n\nlog(`${title} step finished\\n`);\n\n\n// Retrieve array of Componment Ids from Incident object\n// Returns an array of component Ids\nfunction getComponentIdsFromIncident(incident){\n    log(`getComponentIdsFromIncident`);\n    \n    if (!typeof(incident)=='object') {\n        log(`No incident`);\n        return false;\n    }\n    \n    if (!Array.isArray(incident.components)) {\n        log(`No component array`);\n        return false;\n    }\n    \n    let components = incident.components;\n    let componentIds = [];\n          \n    for (let i=0; i<components.length; i++) {\n        let comp = components[i];\n        \n        let {id, name, status} = comp;\n        \n        log(`${(i+1)} of ${components.length} ${name} ${status} `);\n        \n        if (status!='operational')\n            componentIds.push(id);\n        else \n            log(`Component ${name} is operational, no-need to update`);\n    }\n    \n    return componentIds;\n}\n\n\n// Get the Statuspage Incident from the UniqueId\n// Returns an Inc object, otherwise false.\nfunction getIncident(incidentId) {\n    \n    log(`Getting Incident ${incidentId} from Statuspage`);\n    \n    var httpRequest = http.request({\n      endpoint: 'Statuspage',\n      headers: {Authorization: 'api_key ' + input['API Key']},\n      method: 'GET',\n      path: 'v1/pages/' + input['Page ID'] + '/incidents/'+incidentId\n    });\n    \n    var response = httpRequest.write();\n    \n    if (response.statusCode != 200) {\n        log('No Statuspage Incident found');\n        return false;\n    }\n    let incident = JSON.parse(response.body);\n    \n    log(`Retrieved Statuspage Incident \"${incident.name}\"`);\n    return incident;\n}\n\n\n// Check that input is in the list of valid options\nfunction isValid (input, validOptions) {\n  var valueFound = false;\n  for (var i = 0; i < validOptions.length; i++) {\n    if (validOptions[i] === input) {\n      valueFound = true;\n      break;\n    }\n  }\n  return valueFound;\n}\n\n\nfunction undefinedIfEmptyString (input) {\n  return input === '' ? undefined : input;\n}\n\n  ",
    "endpointAuthType": "NO_AUTH",
    "endpointLabel": "Statuspage",
    "allowedEnvironment": "HOSTED",
    "accessibleByAll": "NotShared",
    "stage": "DEPLOYED",
    "scriptStepType": "USER",
    "inputs": [
      {
        "id": "586d90aa-7b79-4842-8d61-c5776dc59814",
        "name": "API Key",
        "helpText": "API Key to pass to Statuspage for authentication. {api_key}",
        "defaultValue": "",
        "multiline": false,
        "required": true,
        "validationRegex": "",
        "maxLength": 140,
        "minLength": 0,
        "position": 0
      },
      {
        "id": "dbf580bb-2ec8-4db2-9bc2-54739e026993",
        "name": "Page ID",
        "helpText": "ID of the page to post the incident information to. {page_id}",
        "defaultValue": "",
        "multiline": false,
        "required": true,
        "validationRegex": "",
        "maxLength": 140,
        "minLength": 0,
        "position": 1
      },
      {
        "id": "9ffb3e16-d44a-43c8-9bc4-0a3088d63ffc",
        "name": "Statuspage Unique ID",
        "helpText": "Incident ID in Statuspage",
        "defaultValue": "",
        "multiline": false,
        "required": true,
        "validationRegex": "",
        "maxLength": 20000,
        "minLength": 0,
        "position": 2
      },
      {
        "id": "fdfec846-bddc-4c5c-8fe1-e82d51f3af9f",
        "name": "Component status",
        "helpText": "operational|under_maintenance|degraded_performance|partial_outage|major_outage. Default is operational for a resolve, but doesn't have to be",
        "defaultValue": "operational",
        "multiline": false,
        "required": false,
        "validationRegex": "",
        "maxLength": 20000,
        "minLength": 0,
        "position": 3
      },
      {
        "id": "6f8f2349-18a4-4016-bdfa-aa039c558edb",
        "name": "Name",
        "helpText": "Incident name. Supply if you want to update the name whilst resolving.",
        "defaultValue": "",
        "multiline": false,
        "required": false,
        "validationRegex": "",
        "maxLength": 140,
        "minLength": 0,
        "position": 4
      },
      {
        "id": "85ac0cfe-5346-43d3-bb8e-7f1f18bbf896",
        "name": "Body",
        "helpText": "Message to post as update. ",
        "defaultValue": "",
        "multiline": true,
        "required": false,
        "validationRegex": "",
        "maxLength": 20000,
        "minLength": 0,
        "position": 5
      },
      {
        "id": "03a38923-e8e0-473b-a5d9-32a0b04af4cc",
        "name": "Impact Override",
        "helpText": "Override the calculated impact value",
        "defaultValue": "",
        "multiline": false,
        "required": false,
        "validationRegex": "",
        "maxLength": 140,
        "minLength": 0,
        "position": 6
      },
      {
        "id": "497ffef8-09d6-4cde-9004-9efd0586295c",
        "name": "Metadata",
        "helpText": "Internal metadata to attach to the incident. Must be a parsable JSON string where the top level values represent objects. {incident.metadata}",
        "defaultValue": "",
        "multiline": true,
        "required": false,
        "validationRegex": "",
        "maxLength": 20000,
        "minLength": 0,
        "position": 7
      }
    ],
    "outputs": [
      {
        "id": "1e260712-5536-443e-ada4-c3abd443d4c7",
        "name": "Incident ID",
        "description": "Unique ID assigned to the incident by Statuspage. {id}",
        "position": 0
      },
      {
        "id": "f178189a-c8bb-438f-a593-436cb40764d1",
        "name": "Created",
        "description": "Timestamp of when the incident was created. {created_at}",
        "position": 1
      },
      {
        "id": "9dafcbf7-d2af-4318-8c86-214a4d826f67",
        "name": "Impact",
        "description": "Impact of the incident recorded in Statuspage. {impact}",
        "position": 2
      },
      {
        "id": "1e801166-c3ee-4615-9c20-6edc7fb501b4",
        "name": "Name",
        "description": "Incident name recorded on the page. {name}",
        "position": 3
      },
      {
        "id": "21f765ab-f4ad-4cee-84a5-04934fd8fd90",
        "name": "Shortlink",
        "description": "Shortlink assigned to the incident by Statuspage. {shortlink}",
        "position": 4
      },
      {
        "id": "41f5370a-a409-44c5-a752-52f11d1410cf",
        "name": "Status",
        "description": "Status of the incident recorded in Statuspage. {status}",
        "position": 5
      },
      {
        "id": "aa15789d-8eb8-4e40-b5f1-81cc6002cd63",
        "name": "Resolved",
        "description": "Timestamp of when the incident was updated. {resolved_at}",
        "position": 6
      },
      {
        "id": "1ad4c70d-6a12-4225-96ee-d29f7bbce508",
        "name": "Component Ids",
        "description": "Array of affected component Ids on the Incident. Ordering matches Component Names.",
        "position": 7
      },
      {
        "id": "f3c05c74-cd87-4d23-a6bd-acc474872b94",
        "name": "Component Names",
        "description": "Array of affected component names. Ordering matches component Ids.",
        "position": 8
      },
      {
        "id": "7796b161-f019-4be8-b39a-54f75983be94",
        "name": "statusCode",
        "description": "HTTP status code of final Statuspage API call",
        "position": 9
      },
      {
        "id": "b51a242d-0a95-4933-8af8-c58e93366c45",
        "name": "error",
        "description": "true on error",
        "position": 10
      },
      {
        "id": "e5bfbd32-e5b4-4d67-9023-cefee7fd981c",
        "name": "errMsg",
        "description": "",
        "position": 11
      },
      {
        "id": "835083ad-534e-46d6-b9dc-34725700bdcd",
        "name": "resolved_boolean",
        "description": "true if successfully resolved",
        "position": 12
      }
    ],
    "libraries": []
  },
  {
    "id": "8d136891-9cd3-4f39-ba3f-777dcb5564ce",
    "name": "Statuspage Update Incident with Components",
    "description": "Update an incident in Statuspage, optionally with updates to affected components. By Richard Selby, Everbridge Digital Operations, May 2024",
    "icon": "https://s3-xmatters-static.s3.amazonaws.com/null/customers/b1d45caa-e9a4-4422-9702-5aece4f445a0/IMAGE__20240530112650521__sp_green.png",
    "script": "const log = msg => console.log(msg); // Quick log\nconst title = 'Statuspage Update Incident with Components';\n\nlog(`${title} step started`);\n\nconst apiKey = input['API Key'];\nconst pageId = input['Page ID'];\nconst incidentId = input['Statuspage Unique ID'];\n\n// Legal choices for impact, status and compomnent status\nvar VALID_OPTIONS = {\n  impact: ['none', 'minor', 'major', 'critical'],\n  status: ['investigating', 'identified', 'monitoring', 'resolved'],\n  component_status: [\"operational\",\"under_maintenance\", \"degraded_performance\",\"partial_outage\", \"major_outage\"]\n};\n\n\n// Does the Incident exist?\nlet incident = getIncident(incidentId);\nif (!incident) {\n    let msg ='No Incident with id '+incidentId;\n    log(msg +'. Cannot update');\n    log(`${title} step finished\\n`);\n    output.statusCode = 404;\n    output.error = true;\n    output.errMsg = msg; \n    return;\n}\n\n\nlet components = input['Components'];\nlet componentIds;\nif (components) {\n    log(`Components are ${components}. Looking for IDs`);\n\n    let casesensitive = false;\n    componentIds = getComponentIds(components, casesensitive);\n    if( Array.isArray(componentIds)){\n        log(`Got ${componentIds.length} component id${componentIds.length!=1?'s. They are':'. It is'} ${componentIds}`);     \n    }\n    else {\n        log(`No componentIds were found. Cannot update components`);\n        componentIds = false;\n    }\n}\n\n\nlet componentGroups = input['Component Groups'];\nlet componentIdsFromGroups;\nif (componentGroups) {\n    log(`Components Groups are \"${componentGroups}\". Looking for member component-ids`);\n\n    let casesensitive = false;\n    componentIdsFromGroups = getComponentIdsFromGroups(componentGroups, casesensitive);\n    \n    if( Array.isArray(componentIdsFromGroups)){\n        log(`From component-groups got ${componentIdsFromGroups.length} component ids`);     \n    }\n    else {\n        log(`No componentIds from Component Groups were found`);\n        componentIdsFromGroups = false;\n    }\n}\n\nif (Array.isArray(componentIdsFromGroups) && Array.isArray(componentIds)){\n    log(`Combining componentIds from groups and from individual components into one list`);\n    // Remove duplicates\n     componentIds = [...new Set(componentIds.concat(componentIdsFromGroups))];\n}\nelse if(Array.isArray(componentIdsFromGroups) && !componentIds){\n    log(`Just componentIds from component-groups`);\n    componentIds = componentIdsFromGroups;\n}\nelse if(Array.isArray(componentIds) && !componentIdsFromGroups) {\n    log(`Just componentIds from individual components`);\n}\nelse{ \n    log(`No affected components`);\n    componentIds = false;\n}\n\nconst metadata = input['Metadata'];\nif (metadata) {\n  try {\n    metadata = JSON.parse(metadata);\n  } catch (e) {\n    throw new Error('The Metadata input must be a parsable JSON string where the top level values represent objects.');\n  }\n}\n\nlet status = input['Status'];\nif (status) {\n  status = status.toLowerCase(); // Case sensitive API + validation\n  if (!isValid(status, VALID_OPTIONS.status)) {\n    throw new Error('Status input must be one of: ' + VALID_OPTIONS.status.join(', ') + '.');\n  }\n}\n\nlet impact = input['Impact Override'];\nif (impact) {\n  impact = impact.toLowerCase(); // Case sensitive API + validation\n  if (!isValid(impact, VALID_OPTIONS.impact)) {\n    throw new Error('Impact Override input must be one of: ' + VALID_OPTIONS.impact.join(', ') + '.');\n  }\n}\n\n\n// Get going on the API call\nlet httpRequest = http.request({\n  endpoint: 'Statuspage',\n  headers: {Authorization: 'api_key ' + apiKey},\n  method: 'PATCH',\n  path: 'v1/pages/' +pageId+ '/incidents/' + incidentId\n});\n\nvar payload = {\n  incident: {\n    body: undefinedIfEmptyString(input['Body']),\n    impact_override: undefinedIfEmptyString(impact),\n    metadata: undefinedIfEmptyString(metadata),\n    name: undefinedIfEmptyString(input['Name']),\n    status: undefinedIfEmptyString(status),\n  }\n};\n\n// Sort out components, if specified\nif (componentIds && componentIds.length) {// Add component Ids if we can\n\n    let compStatus;\n    if (input['Component status']) {\n        if (isValid(input['Component status'], VALID_OPTIONS.component_status)) {\n            compStatus = input['Component status'];\n            log(`Setting component status to ${compStatus}`);      \n        }\n        else {\n            compStatus = 'partial_outage';\n            log(`Nope, supplied component status ${input['Component status']} is invalid. Setting to ${compStatus}`);\n        }\n    }\n    else {\n        compStatus = 'partial_outage';\n        log(`Defaulting comp status to ${compStatus}`);\n    }\n    \n    // Not needed for Updates. Only for Creates.\n   // log(`Including component_ids ${JSON.stringify(componentIds)}`);\n   // payload.incident.component_ids = componentIds;\n\n    //log(`Including components`);\n    let compId;\n    let compObj = {};\n    \n    for(let i=0;i<componentIds.length;i++) {\n        \n        compId = componentIds[i];    \n        \n       // log(`compObj.${compId} = ${compStatus}`)\n        compObj[compId]  = compStatus;\n    }\n    log(`Including components ${JSON.stringify(compObj)}`);\n    payload.incident.components = compObj;\n}\n\n\nlet response = httpRequest.write(payload);\nlet body = JSON.parse(response.body);\n\noutput.statusCode = response.statusCode;\n\n// Expect 200 OK\nif (response.statusCode == 200) {\n    \n    log('Updated Statuspage Incident with unique id ' + body.id );\n    output['Incident ID'] = body.id;\n    output['Created'] = body.created_at;\n    output['Impact'] = body.impact;\n    output['Name'] = body.name;\n    output['Shortlink'] = body.shortlink;\n    output['Status'] = body.status;\n    output['Updated'] = body.updated_at;\n\n    \n    componentIds = []; // Even though we figured the componentIds earlier, let's go with the \n                      // list returned by the API call. Perhaps less components were set then we hoped.\n    componentNames = [];\n    if (body.components && Array.isArray(body.components)) {\n        let components = body.components;\n        for (let i=0;i<components.length; i++) {\n            let comp = components[i];\n            componentIds.push(comp.id);\n            componentNames.push(comp.name);\n        }    \n    }\n    \n    output['Component Ids'] = componentIds;\n    output['Component Names'] = componentNames;\n    output.updated_boolean = true;\n    output.error = false;\n} \n\nelse {\n  let error = body.error;\n  if (Array.isArray(error)) {\n      error = error.join('. ');\n  }\n  output.error = true;\n  output.errMsg ='Failed to update incident with id ' + incidentId + ', [' + response.statusCode + ']: ' + error ;\n}\n\nlog(`${title} step finished\\n`);\n\n\n// Look for componment Ids\n// Pass in a comma separated list of component names.\n// Set casesensitive to true for case-sensitive name matching\n// Returns an array of component Ids\n// Ones which can't be matched are skipped.\nfunction getComponentIds(components, casesensitive=false){\n    //log(`getComponentIds`);\n    \n    if (components) {\n        \n        log(`Getting a list of ComponentIds from Statuspage`);\n        \n        let componentIds = [];\n        let componentArray = [];\n        \n        let request = http.request({\n          endpoint: 'Statuspage',\n          headers: {Authorization: 'api_key ' + input['API Key']},\n          method: 'GET',\n          path: 'v1/pages/' + input['Page ID'] + '/components?per_page=1100'\n        });\n        \n        let response = request.write();\n        \n        if (response.statusCode == 200) {\n            \n            let pageComponents = JSON.parse(response.body);\n            //componentArray = components.split(',').map(function(item) {return item.trim();});\n            componentArray = components.split(',').map(item => item.trim());\n            \n            for (component of componentArray){\n                \n                let found;\n                \n                if (casesensitive)\n                    found = pageComponents.find(element => element.name == component);\n                else\n                    found = pageComponents.find(element => element.name.toLowerCase() == component.toLowerCase());\n                  \n                if(found){\n                    log(`Found component \"${component}\". Id: ${found.id}`)\n                    componentIds.push(found.id);\n                }\n                else {\n                    log (`Didn't find component \"${component}\"`);\n                }\n            }\n        }\n        \n        if (componentIds.length > 0){\n                log(`Found ${componentIds.length} of ${componentArray.length} components`);\n            return componentIds;\n        } else {\n            \n            log(`Didn't find any of the components`);\n            return false;\n        }\n    } \n    \n    log(`No components to look for`);\n    return false;\n}\n\n\n// Get the Statuspage Incident from the UniqueId\n// Returns an Inc object, otherwise false.\nfunction getIncident(incidentId) {\n    \n    log(`Getting Incident ${incidentId} from Statuspage`);\n    \n    var httpRequest = http.request({\n      endpoint: 'Statuspage',\n      headers: {Authorization: 'api_key ' + input['API Key']},\n      method: 'GET',\n      path: 'v1/pages/' + input['Page ID'] + '/incidents/'+incidentId\n    });\n    \n    var response = httpRequest.write();\n    \n    if (response.statusCode != 200) {\n        log('No Statuspage Incident found');\n        return false;\n    }\n    let incident = JSON.parse(response.body);\n    \n    log(`Retrieved Statuspage Incident \"${incident.name}\"`);\n    return incident;\n}\n\n\n// Obtain componment Ids from Statuspage API.\n// Pass in a comma separated list of component GROUP names.\n// Set casesensitive to true for case-sensitive name matching\n// Returns an array of component Ids of all components in the groups.\n// Names which can't be matched are skipped.\nfunction getComponentIdsFromGroups(componentGroups, casesensitive=false){\n    //log(`getComponentIdsFromGroups`);\n    \n    if (componentGroups) {\n        log(`Getting list of Component Groups from Statuspage`);\n        \n        let componentIds = [];\n        let componentGroupsArray = [];\n        \n        let request = http.request({\n          endpoint: 'Statuspage',\n          headers: {Authorization: 'api_key ' + input['API Key']},\n          method: 'GET',\n          path: 'v1/pages/' + input['Page ID'] + '/component-groups'\n        });\n        \n        let response = request.write();\n        \n        if (response.statusCode == 200) {\n            \n            let body = JSON.parse(response.body);\n            //componentArray = components.split(',').map(function(item) {return item.trim();});\n            componentGroupsArray = componentGroups.split(',').map(item => item.trim());\n            \n            for (cg of componentGroupsArray){\n                \n                let found;\n                \n                if (casesensitive)\n                    found = body.find(element => element.name == cg);\n                else\n                    found = body.find(element => element.name.toLowerCase() == cg.toLowerCase());\n                  \n                if (found) {\n                    log(`Found component-group \"${cg}\" containing ${found.components.length} components`);\n                    \n                    if (found.components.length)\n                       componentIds = componentIds.concat(found.components);\n                }\n                else {\n                    log (`Didn't find component-group \"${cg}\"`);\n                }\n            }\n        }\n        \n        if (componentIds.length > 0){\n                log(`Found ${componentIds.length} components from component-groups`);\n            return componentIds;\n        } else {\n            \n            log(`Didn't find any of the component-groups`);\n            return false;\n        }\n    } \n    \n    log(`No component-groups to look for`);\n    return false;\n}\n\n\n// Check that input is in the list of valid options\nfunction isValid (input, validOptions) {\n  var valueFound = false;\n  for (var i = 0; i < validOptions.length; i++) {\n    if (validOptions[i] === input) {\n      valueFound = true;\n      break;\n    }\n  }\n  return valueFound;\n}\n\n\nfunction undefinedIfEmptyString (input) {\n  return input === '' ? undefined : input;\n}\n\n  ",
    "endpointAuthType": "NO_AUTH",
    "endpointLabel": "Statuspage",
    "allowedEnvironment": "HOSTED",
    "accessibleByAll": "NotShared",
    "stage": "DEPLOYED",
    "scriptStepType": "USER",
    "inputs": [
      {
        "id": "ccd346b7-564c-4b8e-8d51-152ffad18be4",
        "name": "API Key",
        "helpText": "API Key to pass to Statuspage for authentication.",
        "defaultValue": "",
        "multiline": false,
        "required": true,
        "validationRegex": "",
        "maxLength": 140,
        "minLength": 0,
        "position": 0
      },
      {
        "id": "e104ab63-c938-4772-b6ee-37a91448c5b7",
        "name": "Page ID",
        "helpText": "ID of the Statuspage to post information to. ",
        "defaultValue": "",
        "multiline": false,
        "required": true,
        "validationRegex": "",
        "maxLength": 140,
        "minLength": 0,
        "position": 1
      },
      {
        "id": "8ad49f72-d017-44cb-b355-9fa9dd144a12",
        "name": "Statuspage Unique ID",
        "helpText": "Incident ID in Statuspage",
        "defaultValue": "",
        "multiline": false,
        "required": true,
        "validationRegex": "",
        "maxLength": 20000,
        "minLength": 0,
        "position": 2
      },
      {
        "id": "8da2c4ee-c50b-46a2-bb28-31f671a15e50",
        "name": "Name",
        "helpText": "Incident name to display on the page",
        "defaultValue": "",
        "multiline": false,
        "required": false,
        "validationRegex": "",
        "maxLength": 140,
        "minLength": 0,
        "position": 3
      },
      {
        "id": "2ea8762c-7d86-4ffe-bc33-43437d25d757",
        "name": "Status",
        "helpText": "Status to assign to the incident ",
        "defaultValue": "",
        "multiline": false,
        "required": false,
        "validationRegex": "",
        "maxLength": 140,
        "minLength": 0,
        "position": 4
      },
      {
        "id": "800fb4d9-0bce-40f4-a958-d04ea5253dc3",
        "name": "Body",
        "helpText": "Message to post as incident update",
        "defaultValue": "",
        "multiline": true,
        "required": false,
        "validationRegex": "",
        "maxLength": 20000,
        "minLength": 0,
        "position": 5
      },
      {
        "id": "84ae05fa-b8c7-4681-8faf-af4920ef9ccf",
        "name": "Impact Override",
        "helpText": "Override the calculated impact value",
        "defaultValue": "",
        "multiline": false,
        "required": false,
        "validationRegex": "",
        "maxLength": 140,
        "minLength": 0,
        "position": 6
      },
      {
        "id": "fd5d25b3-e429-4ce4-957b-e856b09ffadb",
        "name": "Components",
        "helpText": "Comma separated list of component names",
        "defaultValue": "",
        "multiline": false,
        "required": false,
        "validationRegex": "",
        "maxLength": 20000,
        "minLength": 0,
        "position": 7
      },
      {
        "id": "9689fd4f-5c44-4631-9749-05f97f10732b",
        "name": "Component Groups",
        "helpText": "Comma separated list of component groups. Every component in the group will be set.",
        "defaultValue": "",
        "multiline": false,
        "required": false,
        "validationRegex": "",
        "maxLength": 20000,
        "minLength": 0,
        "position": 8
      },
      {
        "id": "dbe96877-9bb1-41b0-8cd3-bf10147b1070",
        "name": "Component status",
        "helpText": "operational|under_maintenance|degraded_performance|partial_outage|major_outage. Default is partial_outage",
        "defaultValue": "partial_outage",
        "multiline": false,
        "required": false,
        "validationRegex": "",
        "maxLength": 20000,
        "minLength": 0,
        "position": 9
      },
      {
        "id": "6174ad59-3d49-4e09-bd4b-c89b97a1c8fc",
        "name": "Metadata",
        "helpText": "Internal metadata to attach to the incident. Must be a parsable JSON string where the top level values represent objects. {incident.metadata}",
        "defaultValue": "",
        "multiline": true,
        "required": false,
        "validationRegex": "",
        "maxLength": 20000,
        "minLength": 0,
        "position": 10
      }
    ],
    "outputs": [
      {
        "id": "1ed77209-63d8-4454-98fc-0e570ae769d9",
        "name": "Incident ID",
        "description": "Unique ID assigned to the incident by Statuspage. {id}",
        "position": 0
      },
      {
        "id": "b55c90f6-332b-41eb-92cc-6dbe2915b6d7",
        "name": "Created",
        "description": "Timestamp of when the incident was created. {created_at}",
        "position": 1
      },
      {
        "id": "7dee20d3-928a-4789-ad77-0470e5a15cd3",
        "name": "Impact",
        "description": "Impact of the incident recorded in Statuspage. {impact}",
        "position": 2
      },
      {
        "id": "70792d13-4779-42d7-8cd7-ec86328af6bc",
        "name": "Name",
        "description": "Incident name recorded on the page. {name}",
        "position": 3
      },
      {
        "id": "1393f0f0-c0b9-4b9c-adc6-1f363a6dbc6a",
        "name": "Shortlink",
        "description": "Shortlink assigned to the incident by Statuspage. {shortlink}",
        "position": 4
      },
      {
        "id": "cd4d23a9-c4a8-45c6-b439-c1c02fe05585",
        "name": "Status",
        "description": "Status of the incident recorded in Statuspage. {status}",
        "position": 5
      },
      {
        "id": "e61846ef-c0f4-4333-a2a6-51284dc0c246",
        "name": "Updated",
        "description": "Timestamp of when the incident was updated. {updated_at}",
        "position": 6
      },
      {
        "id": "ed920404-85d4-479b-b742-f77777bd6867",
        "name": "Component Ids",
        "description": "Array of affected component Ids on the updated Incident. Ordering matches Component Names output.",
        "position": 7
      },
      {
        "id": "da1e4bbd-2306-4067-a43b-b338ab624efc",
        "name": "Component Names",
        "description": "Array of affected component names on the updated Incident. Ordering matches Component IDs output.",
        "position": 8
      },
      {
        "id": "58986d96-dcd7-4eda-b03f-59d7a2d52aac",
        "name": "statusCode",
        "description": "HTTP status code of API update call",
        "position": 9
      },
      {
        "id": "25670f83-8c54-47c1-88b7-4110419fe0c3",
        "name": "error",
        "description": "true on error",
        "position": 10
      },
      {
        "id": "7ee62b7f-737f-448c-a644-4159691fd992",
        "name": "errMsg",
        "description": "",
        "position": 11
      },
      {
        "id": "4b3a2384-93bf-4cee-8dbf-24e0a1f116f4",
        "name": "updated_boolean",
        "description": "true if successfully updated",
        "position": 12
      }
    ],
    "libraries": []
  }
]